SKU,OfferTermCode,RateCode,TermType,PriceDescription,EffectiveDate,StartingRange,EndingRange,Unit,PricePerUnit,Currency,Product Family,serviceCode,Location,Location Type,usageType,operation,ComputeType,ML Activity,Region Code,serviceName
23GAWPKXBA8HPPVA,JRTCKXETXF,23GAWPKXBA8HPPVA.JRTCKXETXF.6YS6EN2CT7,OnDemand,AWS Clean Rooms ML Custom Modeling- Compute,2025-03-01,0,Inf,hours,1.8430000000,USD,AWS Clean Rooms,AWSCleanRooms,US East (N. Virginia),AWS Region,USE1-TrainingInstanceHours-ML_M6I_8XLARGE,CreateTrainedModel,,Training-ML_M6I_8XLARGE,us-east-1,AWS Clean Rooms
2499K7KNM68988NF,JRTCKXETXF,2499K7KNM68988NF.JRTCKXETXF.6YS6EN2CT7,OnDemand,AWS Clean Rooms ML Custom Modeling- Compute,2025-03-01,0,Inf,hours,0.3020000000,USD,AWS Clean Rooms,AWSCleanRooms,US East (N. Virginia),AWS Region,USE1-TrainingInstanceHours-ML_R5_XLARGE,CreateTrainedModel,,Training-ML_R5_XLARGE,us-east-1,AWS Clean Rooms
297ND7DD24AFVZ26,JRTCKXETXF,297ND7DD24AFVZ26.JRTCKXETXF.6YS6EN2CT7,OnDemand,$0.04 per 1,000 profiles,2025-03-01,0,Inf,Profiles,0.0000400000,USD,AWS Clean Rooms,AWSCleanRooms,US East (N. Virginia),AWS Region,USE1-CreateAudienceModel,CreateAudienceModel,,Training,us-east-1,AWS Clean Rooms
2B488S3ZKBK343TE,JRTCKXETXF,2B488S3ZKBK343TE.JRTCKXETXF.6YS6EN2CT7,OnDemand,AWS Clean Rooms ML Custom Modeling- Compute,2025-03-01,0,Inf,hours,1.6320000000,USD,AWS Clean Rooms,AWSCleanRooms,US East (N. Virginia),AWS Region,USE1-InferenceInstanceHours-ML_C6I_8XLARGE,StartTrainedModelInferenceJob,,Inference-ML_C6I_8XLARGE,us-east-1,AWS Clean Rooms
2QN29U2QFV8HNVQZ,JRTCKXETXF,2QN29U2QFV8HNVQZ.JRTCKXETXF.6YS6EN2CT7,OnDemand,AWS Clean Rooms ML Custom Modeling- Compute,2025-03-01,0,Inf,hours,14.6880000000,USD,AWS Clean Rooms,AWSCleanRooms,US East (N. Virginia),AWS Region,USE1-InferenceInstanceHours-ML_P3_8XLARGE,StartTrainedModelInferenceJob,,Inference-ML_P3_8XLARGE,us-east-1,AWS Clean Rooms
2UB5396KSZVAG8JH,JRTCKXETXF,2UB5396KSZVAG8JH.JRTCKXETXF.6YS6EN2CT7,OnDemand,AWS Clean Rooms ML Custom Modeling- Compute,2025-03-01,0,Inf,hours,0.8160000000,USD,AWS Clean Rooms,AWSCleanRooms,US East (N. Virginia),AWS Region,USE1-InferenceInstanceHours-ML_C6I_4XLARGE,StartTrainedModelInferenceJob,,Inference-ML_C6I_4XLARGE,us-east-1,AWS Clean Rooms
38R3YK2KUABP3KQB,JRTCKXETXF,38R3YK2KUABP3KQB.JRTCKXETXF.6YS6EN2CT7,OnDemand,AWS Clean Rooms ML Custom Modeling- Compute,2025-03-01,0,Inf,hours,14.6880000000,USD,AWS Clean Rooms,AWSCleanRooms,US East (N. Virginia),AWS Region,USE1-TrainingInstanceHours-ML_P3_8XLARGE,CreateTrainedModel,,Training-ML_P3_8XLARGE,us-east-1,AWS Clean Rooms
3AWJDX76CJYYFD4P,JRTCKXETXF,3AWJDX76CJYYFD4P.JRTCKXETXF.6YS6EN2CT7,OnDemand,AWS Clean Rooms ML Custom Modeling- Compute,2025-03-01,0,Inf,hours,0.3990000000,USD,AWS Clean Rooms,AWSCleanRooms,US East (N. Virginia),AWS Region,USE1-TrainingInstanceHours-ML_T3_2XLARGE,CreateTrainedModel,,Training-ML_T3_2XLARGE,us-east-1,AWS Clean Rooms
3ERMTAJVZGGC9ZBW,JRTCKXETXF,3ERMTAJVZGGC9ZBW.JRTCKXETXF.6YS6EN2CT7,OnDemand,AWS Clean Rooms ML Custom Modeling- Compute,2025-03-01,0,Inf,hours,2.0300000000,USD,AWS Clean Rooms,AWSCleanRooms,US East (N. Virginia),AWS Region,USE1-TrainingInstanceHours-ML_G5_4XLARGE,CreateTrainedModel,,Training-ML_G5_4XLARGE,us-east-1,AWS Clean Rooms
3G8R8F6V8HTY27EX,JRTCKXETXF,3G8R8F6V8HTY27EX.JRTCKXETXF.6YS6EN2CT7,OnDemand,AWS Clean Rooms ML Custom Modeling- Compute,2025-03-01,0,Inf,hours,0.9400000000,USD,AWS Clean Rooms,AWSCleanRooms,US East (N. Virginia),AWS Region,USE1-InferenceInstanceHours-ML_G4DN_2XLARGE,StartTrainedModelInferenceJob,,Inference-ML_G4DN_2XLARGE,us-east-1,AWS Clean Rooms
3KVQV6NM3ZA44ZSC,JRTCKXETXF,3KVQV6NM3ZA44ZSC.JRTCKXETXF.6YS6EN2CT7,OnDemand,AWS Clean Rooms ML Custom Modeling- Compute,2025-03-01,0,Inf,hours,11.6120000000,USD,AWS Clean Rooms,AWSCleanRooms,US East (N. Virginia),AWS Region,USE1-InferenceInstanceHours-ML_M7I_48XLARGE,StartTrainedModelInferenceJob,,Inference-ML_M7I_48XLARGE,us-east-1,AWS Clean Rooms
3MVW7CF4DCDCRD5V,JRTCKXETXF,3MVW7CF4DCDCRD5V.JRTCKXETXF.6YS6EN2CT7,OnDemand,AWS Clean Rooms ML Custom Modeling- Compute,2025-03-01,0,Inf,hours,0.7360000000,USD,AWS Clean Rooms,AWSCleanRooms,US East (N. Virginia),AWS Region,USE1-InferenceInstanceHours-ML_G4DN_XLARGE,StartTrainedModelInferenceJob,,Inference-ML_G4DN_XLARGE,us-east-1,AWS Clean Rooms
3NDSR2CWD338BVR8,JRTCKXETXF,3NDSR2CWD338BVR8.JRTCKXETXF.6YS6EN2CT7,OnDemand,AWS Clean Rooms ML Custom Modeling- Compute,2025-03-01,0,Inf,hours,0.9220000000,USD,AWS Clean Rooms,AWSCleanRooms,US East (N. Virginia),AWS Region,USE1-InferenceInstanceHours-ML_M5_4XLARGE,StartTrainedModelInferenceJob,,Inference-ML_M5_4XLARGE,us-east-1,AWS Clean Rooms
3UTFVX48F5EYNBJG,JRTCKXETXF,3UTFVX48F5EYNBJG.JRTCKXETXF.6YS6EN2CT7,OnDemand,AWS Clean Rooms ML Custom Modeling- Compute,2025-03-01,0,Inf,hours,0.2040000000,USD,AWS Clean Rooms,AWSCleanRooms,US East (N. Virginia),AWS Region,USE1-InferenceInstanceHours-ML_C6I_XLARGE,StartTrainedModelInferenceJob,,Inference-ML_C6I_XLARGE,us-east-1,AWS Clean Rooms
3UZ3FGFP92ZCX89X,JRTCKXETXF,3UZ3FGFP92ZCX89X.JRTCKXETXF.6YS6EN2CT7,OnDemand,AWS Clean Rooms ML Custom Modeling- Compute,2025-03-01,0,Inf,hours,0.1000000000,USD,AWS Clean Rooms,AWSCleanRooms,US East (N. Virginia),AWS Region,USE1-TrainingInstanceHours-ML_T3_LARGE,CreateTrainedModel,,Training-ML_T3_LARGE,us-east-1,AWS Clean Rooms
3ZPSUE32XMUDQ5B4,JRTCKXETXF,3ZPSUE32XMUDQ5B4.JRTCKXETXF.6YS6EN2CT7,OnDemand,AWS Clean Rooms ML Custom Modeling- Compute,2025-03-01,0,Inf,hours,4.8960000000,USD,AWS Clean Rooms,AWSCleanRooms,US East (N. Virginia),AWS Region,USE1-TrainingInstanceHours-ML_C6I_24XLARGE,CreateTrainedModel,,Training-ML_C6I_24XLARGE,us-east-1,AWS Clean Rooms
43S9RG7ZWHEN3TSD,JRTCKXETXF,43S9RG7ZWHEN3TSD.JRTCKXETXF.6YS6EN2CT7,OnDemand,AWS Clean Rooms ML Custom Modeling- Compute,2025-03-01,0,Inf,hours,3.6860000000,USD,AWS Clean Rooms,AWSCleanRooms,US East (N. Virginia),AWS Region,USE1-InferenceInstanceHours-ML_M6I_16XLARGE,StartTrainedModelInferenceJob,,Inference-ML_M6I_16XLARGE,us-east-1,AWS Clean Rooms
455UTUFSX8AAPD6F,JRTCKXETXF,455UTUFSX8AAPD6F.JRTCKXETXF.6YS6EN2CT7,OnDemand,AWS Clean Rooms ML Custom Modeling- Compute,2025-03-01,0,Inf,hours,5.1200000000,USD,AWS Clean Rooms,AWSCleanRooms,US East (N. Virginia),AWS Region,USE1-TrainingInstanceHours-ML_G5_16XLARGE,CreateTrainedModel,,Training-ML_G5_16XLARGE,us-east-1,AWS Clean Rooms
4DHVT77UV8624TUE,JRTCKXETXF,4DHVT77UV8624TUE.JRTCKXETXF.6YS6EN2CT7,OnDemand,AWS Clean Rooms ML Custom Modeling- Compute,2025-03-01,0,Inf,hours,0.4080000000,USD,AWS Clean Rooms,AWSCleanRooms,US East (N. Virginia),AWS Region,USE1-TrainingInstanceHours-ML_C6I_2XLARGE,CreateTrainedModel,,Training-ML_C6I_2XLARGE,us-east-1,AWS Clean Rooms
4F5K33VZ7QXBQDZK,JRTCKXETXF,4F5K33VZ7QXBQDZK.JRTCKXETXF.6YS6EN2CT7,OnDemand,AWS Clean Rooms ML Custom Modeling- Compute,2025-03-01,0,Inf,hours,1.1250000000,USD,AWS Clean Rooms,AWSCleanRooms,US East (N. Virginia),AWS Region,USE1-InferenceInstanceHours-ML_P2_XLARGE,StartTrainedModelInferenceJob,,Inference-ML_P2_XLARGE,us-east-1,AWS Clean Rooms
4S6FXRKGE9JMTBT6,JRTCKXETXF,4S6FXRKGE9JMTBT6.JRTCKXETXF.6YS6EN2CT7,OnDemand,AWS Clean Rooms ML Custom Modeling- Compute,2025-03-01,0,Inf,hours,5.4400000000,USD,AWS Clean Rooms,AWSCleanRooms,US East (N. Virginia),AWS Region,USE1-TrainingInstanceHours-ML_G4DN_16XLARGE,CreateTrainedModel,,Training-ML_G4DN_16XLARGE,us-east-1,AWS Clean Rooms
4YH33MZ9NBDM9TPC,JRTCKXETXF,4YH33MZ9NBDM9TPC.JRTCKXETXF.6YS6EN2CT7,OnDemand,AWS Clean Rooms ML Custom Modeling- Compute,2025-03-01,0,Inf,hours,0.2590000000,USD,AWS Clean Rooms,AWSCleanRooms,US East (N. Virginia),AWS Region,USE1-TrainingInstanceHours-ML_C5N_XLARGE,CreateTrainedModel,,Training-ML_C5N_XLARGE,us-east-1,AWS Clean Rooms
52EFMXFUBU4WH5A6,JRTCKXETXF,52EFMXFUBU4WH5A6.JRTCKXETXF.6YS6EN2CT7,OnDemand,AWS Clean Rooms ML Custom Modeling- Compute,2025-03-01,0,Inf,hours,5.8060000000,USD,AWS Clean Rooms,AWSCleanRooms,US East (N. Virginia),AWS Region,USE1-InferenceInstanceHours-ML_M7I_24XLARGE,StartTrainedModelInferenceJob,,Inference-ML_M7I_24XLARGE,us-east-1,AWS Clean Rooms
56K6A52V4G2RFH67,JRTCKXETXF,56K6A52V4G2RFH67.JRTCKXETXF.6YS6EN2CT7,OnDemand,AWS Clean Rooms ML Custom Modeling- Compute,2025-03-01,0,Inf,hours,3.2640000000,USD,AWS Clean Rooms,AWSCleanRooms,US East (N. Virginia),AWS Region,USE1-InferenceInstanceHours-ML_C6I_16XLARGE,StartTrainedModelInferenceJob,,Inference-ML_C6I_16XLARGE,us-east-1,AWS Clean Rooms
57FT48ZPUA28MDX3,JRTCKXETXF,57FT48ZPUA28MDX3.JRTCKXETXF.6YS6EN2CT7,OnDemand,AWS Clean Rooms ML Custom Modeling- Compute,2025-03-01,0,Inf,hours,1.6320000000,USD,AWS Clean Rooms,AWSCleanRooms,US East (N. Virginia),AWS Region,USE1-TrainingInstanceHours-ML_C6I_8XLARGE,CreateTrainedModel,,Training-ML_C6I_8XLARGE,us-east-1,AWS Clean Rooms
584FCK89FC9TEW26,JRTCKXETXF,584FCK89FC9TEW26.JRTCKXETXF.6YS6EN2CT7,OnDemand,AWS Clean Rooms ML Custom Modeling- Compute,2025-03-01,0,Inf,hours,2.9030000000,USD,AWS Clean Rooms,AWSCleanRooms,US East (N. Virginia),AWS Region,USE1-InferenceInstanceHours-ML_M7I_12XLARGE,StartTrainedModelInferenceJob,,Inference-ML_M7I_12XLARGE,us-east-1,AWS Clean Rooms
5AG8X94DJYV53XPK,JRTCKXETXF,5AG8X94DJYV53XPK.JRTCKXETXF.6YS6EN2CT7,OnDemand,AWS Clean Rooms ML Custom Modeling- Compute,2025-03-01,0,Inf,hours,0.3460000000,USD,AWS Clean Rooms,AWSCleanRooms,US East (N. Virginia),AWS Region,USE1-TrainingInstanceHours-ML_R5D_XLARGE,CreateTrainedModel,,Training-ML_R5D_XLARGE,us-east-1,AWS Clean Rooms
5CE9ASZ6NBHRJ2TQ,JRTCKXETXF,5CE9ASZ6NBHRJ2TQ.JRTCKXETXF.6YS6EN2CT7,OnDemand,AWS Clean Rooms ML Custom Modeling- Compute,2025-03-01,0,Inf,hours,0.9550000000,USD,AWS Clean Rooms,AWSCleanRooms,US East (N. Virginia),AWS Region,USE1-InferenceInstanceHours-ML_C4_4XLARGE,StartTrainedModelInferenceJob,,Inference-ML_C4_4XLARGE,us-east-1,AWS Clean Rooms
5Q6NYU9CQMKG6WBC,JRTCKXETXF,5Q6NYU9CQMKG6WBC.JRTCKXETXF.6YS6EN2CT7,OnDemand,AWS Clean Rooms ML Custom Modeling- Compute,2025-03-01,0,Inf,hours,3.6720000000,USD,AWS Clean Rooms,AWSCleanRooms,US East (N. Virginia),AWS Region,USE1-TrainingInstanceHours-ML_C5_18XLARGE,CreateTrainedModel,,Training-ML_C5_18XLARGE,us-east-1,AWS Clean Rooms
5RY44CMYA5MFTF95,JRTCKXETXF,5RY44CMYA5MFTF95.JRTCKXETXF.6YS6EN2CT7,OnDemand,AWS Clean Rooms ML Custom Modeling- Compute,2025-03-01,0,Inf,hours,2.7650000000,USD,AWS Clean Rooms,AWSCleanRooms,US East (N. Virginia),AWS Region,USE1-InferenceInstanceHours-ML_M5_12XLARGE,StartTrainedModelInferenceJob,,Inference-ML_M5_12XLARGE,us-east-1,AWS Clean Rooms
5TB6A7UHR5CXFHHN,JRTCKXETXF,5TB6A7UHR5CXFHHN.JRTCKXETXF.6YS6EN2CT7,OnDemand,AWS Clean Rooms ML Custom Modeling- Compute,2025-03-01,0,Inf,hours,0.4280000000,USD,AWS Clean Rooms,AWSCleanRooms,US East (N. Virginia),AWS Region,USE1-InferenceInstanceHours-ML_C7I_2XLARGE,StartTrainedModelInferenceJob,,Inference-ML_C7I_2XLARGE,us-east-1,AWS Clean Rooms
5TDNQUHCGPF3JS65,JRTCKXETXF,5TDNQUHCGPF3JS65.JRTCKXETXF.6YS6EN2CT7,OnDemand,AWS Clean Rooms ML Custom Modeling- Compute,2025-03-01,0,Inf,hours,1.7140000000,USD,AWS Clean Rooms,AWSCleanRooms,US East (N. Virginia),AWS Region,USE1-InferenceInstanceHours-ML_C7I_8XLARGE,StartTrainedModelInferenceJob,,Inference-ML_C7I_8XLARGE,us-east-1,AWS Clean Rooms
6G8QD4YDW3P3AYCG,JRTCKXETXF,6G8QD4YDW3P3AYCG.JRTCKXETXF.6YS6EN2CT7,OnDemand,AWS Clean Rooms ML Custom Modeling- Compute,2025-03-01,0,Inf,hours,7.0900000000,USD,AWS Clean Rooms,AWSCleanRooms,US East (N. Virginia),AWS Region,USE1-TrainingInstanceHours-ML_G5_12XLARGE,CreateTrainedModel,,Training-ML_G5_12XLARGE,us-east-1,AWS Clean Rooms
6GAA9QBUHVF2ZQ4X,JRTCKXETXF,6GAA9QBUHVF2ZQ4X.JRTCKXETXF.6YS6EN2CT7,OnDemand,AWS Clean Rooms ML Custom Modeling- Compute,2025-03-01,0,Inf,hours,28.1520000000,USD,AWS Clean Rooms,AWSCleanRooms,US East (N. Virginia),AWS Region,USE1-InferenceInstanceHours-ML_P3_16XLARGE,StartTrainedModelInferenceJob,,Inference-ML_P3_16XLARGE,us-east-1,AWS Clean Rooms
6VKHUKMMQEMXPFDU,JRTCKXETXF,6VKHUKMMQEMXPFDU.JRTCKXETXF.6YS6EN2CT7,OnDemand,AWS Clean Rooms ML Custom Modeling- Compute,2025-03-01,0,Inf,hours,5.1410000000,USD,AWS Clean Rooms,AWSCleanRooms,US East (N. Virginia),AWS Region,USE1-InferenceInstanceHours-ML_C7I_24XLARGE,StartTrainedModelInferenceJob,,Inference-ML_C7I_24XLARGE,us-east-1,AWS Clean Rooms
72EFQP67T6RYQ69N,JRTCKXETXF,72EFQP67T6RYQ69N.JRTCKXETXF.6YS6EN2CT7,OnDemand,$2.00 per CRPU-Hr for CleanRooms-SQL-Compute:RunCustomSQLAnalysis in US East (N. Virginia),2025-03-01,0,Inf,CRPU-Hr,2.0000000000,USD,AWS Clean Rooms,AWSCleanRooms,US East (N. Virginia),AWS Region,USE1-CleanRooms-SQL-Compute,RunCustomSQLAnalysis,CustomSQL,,us-east-1,AWS Clean Rooms
7V4XPVRKFVH2GPX8,JRTCKXETXF,7V4XPVRKFVH2GPX8.JRTCKXETXF.6YS6EN2CT7,OnDemand,AWS Clean Rooms ML Custom Modeling- Compute,2025-03-01,0,Inf,hours,0.2420000000,USD,AWS Clean Rooms,AWSCleanRooms,US East (N. Virginia),AWS Region,USE1-InferenceInstanceHours-ML_M7I_XLARGE,StartTrainedModelInferenceJob,,Inference-ML_M7I_XLARGE,us-east-1,AWS Clean Rooms
7VKNZH32EV5FHXFK,JRTCKXETXF,7VKNZH32EV5FHXFK.JRTCKXETXF.6YS6EN2CT7,OnDemand,AWS Clean Rooms ML Custom Modeling- Compute,2025-03-01,0,Inf,hours,0.4610000000,USD,AWS Clean Rooms,AWSCleanRooms,US East (N. Virginia),AWS Region,USE1-TrainingInstanceHours-ML_M5_2XLARGE,CreateTrainedModel,,Training-ML_M5_2XLARGE,us-east-1,AWS Clean Rooms
7WBCMVGPDZ6AC6NR,JRTCKXETXF,7WBCMVGPDZ6AC6NR.JRTCKXETXF.6YS6EN2CT7,OnDemand,AWS Clean Rooms ML Custom Modeling- Compute,2025-03-01,0,Inf,hours,0.8160000000,USD,AWS Clean Rooms,AWSCleanRooms,US East (N. Virginia),AWS Region,USE1-TrainingInstanceHours-ML_C6I_4XLARGE,CreateTrainedModel,,Training-ML_C6I_4XLARGE,us-east-1,AWS Clean Rooms
86KKBR7Z8CXM4S9G,JRTCKXETXF,86KKBR7Z8CXM4S9G.JRTCKXETXF.6YS6EN2CT7,OnDemand,$0.25 per 1,000 profiles,2025-03-01,0,Inf,Profiles,0.0002500000,USD,AWS Clean Rooms,AWSCleanRooms,US East (N. Virginia),AWS Region,USE1-StartAudienceExportJob,StartAudienceExportJob,,Inference,us-east-1,AWS Clean Rooms
8BRRHJZUF67CE7R5,JRTCKXETXF,8BRRHJZUF67CE7R5.JRTCKXETXF.6YS6EN2CT7,OnDemand,AWS Clean Rooms ML Custom Modeling- Compute,2025-03-01,0,Inf,hours,7.2580000000,USD,AWS Clean Rooms,AWSCleanRooms,US East (N. Virginia),AWS Region,USE1-TrainingInstanceHours-ML_R5_24XLARGE,CreateTrainedModel,,Training-ML_R5_24XLARGE,us-east-1,AWS Clean Rooms
8BXENRB3VYXXK3JU,JRTCKXETXF,8BXENRB3VYXXK3JU.JRTCKXETXF.6YS6EN2CT7,OnDemand,AWS Clean Rooms ML Custom Modeling- Compute,2025-03-01,0,Inf,hours,0.1150000000,USD,AWS Clean Rooms,AWSCleanRooms,US East (N. Virginia),AWS Region,USE1-TrainingInstanceHours-ML_M6I_LARGE,CreateTrainedModel,,Training-ML_M6I_LARGE,us-east-1,AWS Clean Rooms
8MSTVEGTEV8KBBEJ,JRTCKXETXF,8MSTVEGTEV8KBBEJ.JRTCKXETXF.6YS6EN2CT7,OnDemand,AWS Clean Rooms ML Custom Modeling- Compute,2025-03-01,0,Inf,hours,0.4780000000,USD,AWS Clean Rooms,AWSCleanRooms,US East (N. Virginia),AWS Region,USE1-InferenceInstanceHours-ML_C4_2XLARGE,StartTrainedModelInferenceJob,,Inference-ML_C4_2XLARGE,us-east-1,AWS Clean Rooms
8NA2BKMYTCJFENWV,JRTCKXETXF,8NA2BKMYTCJFENWV.JRTCKXETXF.6YS6EN2CT7,OnDemand,AWS Clean Rooms ML Custom Modeling- Compute,2025-03-01,0,Inf,hours,0.2140000000,USD,AWS Clean Rooms,AWSCleanRooms,US East (N. Virginia),AWS Region,USE1-InferenceInstanceHours-ML_C7I_XLARGE,StartTrainedModelInferenceJob,,Inference-ML_C7I_XLARGE,us-east-1,AWS Clean Rooms
8VZKPQ49TZPWQW43,JRTCKXETXF,8VZKPQ49TZPWQW43.JRTCKXETXF.6YS6EN2CT7,OnDemand,AWS Clean Rooms ML Custom Modeling- Compute,2025-03-01,0,Inf,hours,3.2640000000,USD,AWS Clean Rooms,AWSCleanRooms,US East (N. Virginia),AWS Region,USE1-TrainingInstanceHours-ML_C6I_16XLARGE,CreateTrainedModel,,Training-ML_C6I_16XLARGE,us-east-1,AWS Clean Rooms
8ZX8HH8YDKS96NHW,JRTCKXETXF,8ZX8HH8YDKS96NHW.JRTCKXETXF.6YS6EN2CT7,OnDemand,AWS Clean Rooms ML Custom Modeling- Compute,2025-03-01,0,Inf,hours,47.1106000000,USD,AWS Clean Rooms,AWSCleanRooms,US East (N. Virginia),AWS Region,USE1-TrainingInstanceHours-ML_P4DE_24XLARGE,CreateTrainedModel,,Training-ML_P4DE_24XLARGE,us-east-1,AWS Clean Rooms
9A2HYTF44DADA9KE,JRTCKXETXF,9A2HYTF44DADA9KE.JRTCKXETXF.6YS6EN2CT7,OnDemand,AWS Clean Rooms ML Custom Modeling- Compute,2025-03-01,0,Inf,hours,0.8570000000,USD,AWS Clean Rooms,AWSCleanRooms,US East (N. Virginia),AWS Region,USE1-InferenceInstanceHours-ML_C7I_4XLARGE,StartTrainedModelInferenceJob,,Inference-ML_C7I_4XLARGE,us-east-1,AWS Clean Rooms
9FPPFRZHWX3EESJ6,JRTCKXETXF,9FPPFRZHWX3EESJ6.JRTCKXETXF.6YS6EN2CT7,OnDemand,AWS Clean Rooms ML Custom Modeling- Compute,2025-03-01,0,Inf,hours,2.5700000000,USD,AWS Clean Rooms,AWSCleanRooms,US East (N. Virginia),AWS Region,USE1-InferenceInstanceHours-ML_C7I_12XLARGE,StartTrainedModelInferenceJob,,Inference-ML_C7I_12XLARGE,us-east-1,AWS Clean Rooms
9HYRV7G5EYGKV9QT,JRTCKXETXF,9HYRV7G5EYGKV9QT.JRTCKXETXF.6YS6EN2CT7,OnDemand,$0.115 per hours for USE1-TrainingInstanceHours-ML_M5_LARGE in US East (N. Virginia),2025-03-01,0,Inf,hours,0.1150000000,USD,AWS Clean Rooms,AWSCleanRooms,US East (N. Virginia),AWS Region,USE1-TrainingInstanceHours-ML_M5_LARGE,CreateTrainedModel,,Training-ML_M5_LARGE,us-east-1,AWS Clean Rooms
9JVWASDVS7FAJEUC,JRTCKXETXF,9JVWASDVS7FAJEUC.JRTCKXETXF.6YS6EN2CT7,OnDemand,AWS Clean Rooms ML Custom Modeling- Compute,2025-03-01,0,Inf,hours,7.3730000000,USD,AWS Clean Rooms,AWSCleanRooms,US East (N. Virginia),AWS Region,USE1-InferenceInstanceHours-ML_M6I_32XLARGE,StartTrainedModelInferenceJob,,Inference-ML_M6I_32XLARGE,us-east-1,AWS Clean Rooms
9QQBAUXGQSSHDY9M,JRTCKXETXF,9QQBAUXGQSSHDY9M.JRTCKXETXF.6YS6EN2CT7,OnDemand,AWS Clean Rooms ML Custom Modeling- Compute,2025-03-01,0,Inf,hours,0.9600000000,USD,AWS Clean Rooms,AWSCleanRooms,US East (N. Virginia),AWS Region,USE1-InferenceInstanceHours-ML_M4_4XLARGE,StartTrainedModelInferenceJob,,Inference-ML_M4_4XLARGE,us-east-1,AWS Clean Rooms
9VVYDQPK3MH28P27,JRTCKXETXF,9VVYDQPK3MH28P27.JRTCKXETXF.6YS6EN2CT7,OnDemand,$0.0025 per 1,000 records,2025-03-01,0,Inf,Records,0.0000025000,USD,AWS Clean Rooms,AWSCleanRooms,US East (N. Virginia),AWS Region,USE1-NumberOfInferenceRecords,StartTrainedModelInferenceJob,,Inference,us-east-1,AWS Clean Rooms
9ZTMBS9BWU2CWYGG,JRTCKXETXF,9ZTMBS9BWU2CWYGG.JRTCKXETXF.6YS6EN2CT7,OnDemand,AWS Clean Rooms ML Custom Modeling- Compute,2025-03-01,0,Inf,hours,1.8360000000,USD,AWS Clean Rooms,AWSCleanRooms,US East (N. Virginia),AWS Region,USE1-TrainingInstanceHours-ML_C5_9XLARGE,CreateTrainedModel,,Training-ML_C5_9XLARGE,us-east-1,AWS Clean Rooms
A6QT5WQTCB59GVBQ,JRTCKXETXF,A6QT5WQTCB59GVBQ.JRTCKXETXF.6YS6EN2CT7,OnDemand,AWS Clean Rooms ML Custom Modeling- Compute,2025-03-01,0,Inf,hours,1.5400000000,USD,AWS Clean Rooms,AWSCleanRooms,US East (N. Virginia),AWS Region,USE1-TrainingInstanceHours-ML_TRN1_2XLARGE,CreateTrainedModel,,Training-ML_TRN1_2XLARGE,us-east-1,AWS Clean Rooms
ADNF3YUS5G94AU5H,JRTCKXETXF,ADNF3YUS5G94AU5H.JRTCKXETXF.6YS6EN2CT7,OnDemand,AWS Clean Rooms ML Custom Modeling- Compute,2025-03-01,0,Inf,hours,0.8160000000,USD,AWS Clean Rooms,AWSCleanRooms,US East (N. Virginia),AWS Region,USE1-InferenceInstanceHours-ML_C5_4XLARGE,StartTrainedModelInferenceJob,,Inference-ML_C5_4XLARGE,us-east-1,AWS Clean Rooms
AECDU4GPGQRBQAFG,JRTCKXETXF,AECDU4GPGQRBQAFG.JRTCKXETXF.6YS6EN2CT7,OnDemand,AWS Clean Rooms ML Custom Modeling- Compute,2025-03-01,0,Inf,hours,0.2390000000,USD,AWS Clean Rooms,AWSCleanRooms,US East (N. Virginia),AWS Region,USE1-TrainingInstanceHours-ML_C4_XLARGE,CreateTrainedModel,,Training-ML_C4_XLARGE,us-east-1,AWS Clean Rooms
AHMG3RE2ZAC7YJHH,JRTCKXETXF,AHMG3RE2ZAC7YJHH.JRTCKXETXF.6YS6EN2CT7,OnDemand,AWS Clean Rooms ML Custom Modeling- Compute,2025-03-01,0,Inf,hours,6.5280000000,USD,AWS Clean Rooms,AWSCleanRooms,US East (N. Virginia),AWS Region,USE1-InferenceInstanceHours-ML_C6I_32XLARGE,StartTrainedModelInferenceJob,,Inference-ML_C6I_32XLARGE,us-east-1,AWS Clean Rooms
AM3HSSCW4YW5FWHW,JRTCKXETXF,AM3HSSCW4YW5FWHW.JRTCKXETXF.6YS6EN2CT7,OnDemand,AWS Clean Rooms ML Custom Modeling- Compute,2025-03-01,0,Inf,hours,3.8400000000,USD,AWS Clean Rooms,AWSCleanRooms,US East (N. Virginia),AWS Region,USE1-InferenceInstanceHours-ML_M4_16XLARGE,StartTrainedModelInferenceJob,,Inference-ML_M4_16XLARGE,us-east-1,AWS Clean Rooms
ARUS7JHCZ9KHJGPW,JRTCKXETXF,ARUS7JHCZ9KHJGPW.JRTCKXETXF.6YS6EN2CT7,OnDemand,AWS Clean Rooms ML Custom Modeling- Compute,2025-03-01,0,Inf,hours,0.1210000000,USD,AWS Clean Rooms,AWSCleanRooms,US East (N. Virginia),AWS Region,USE1-InferenceInstanceHours-ML_M7I_LARGE,StartTrainedModelInferenceJob,,Inference-ML_M7I_LARGE,us-east-1,AWS Clean Rooms
AV9DGECR27TE777W,JRTCKXETXF,AV9DGECR27TE777W.JRTCKXETXF.6YS6EN2CT7,OnDemand,AWS Clean Rooms ML Custom Modeling- Compute,2025-03-01,0,Inf,hours,10.2820000000,USD,AWS Clean Rooms,AWSCleanRooms,US East (N. Virginia),AWS Region,USE1-InferenceInstanceHours-ML_C7I_48XLARGE,StartTrainedModelInferenceJob,,Inference-ML_C7I_48XLARGE,us-east-1,AWS Clean Rooms
AZ5DXJNR6NJZ8HBV,JRTCKXETXF,AZ5DXJNR6NJZ8HBV.JRTCKXETXF.6YS6EN2CT7,OnDemand,AWS Clean Rooms ML Custom Modeling- Compute,2025-03-01,0,Inf,hours,0.9220000000,USD,AWS Clean Rooms,AWSCleanRooms,US East (N. Virginia),AWS Region,USE1-TrainingInstanceHours-ML_M6I_4XLARGE,CreateTrainedModel,,Training-ML_M6I_4XLARGE,us-east-1,AWS Clean Rooms
BA2PNE5EXEKS3BPM,JRTCKXETXF,BA2PNE5EXEKS3BPM.JRTCKXETXF.6YS6EN2CT7,OnDemand,AWS Clean Rooms ML Custom Modeling- Compute,2025-03-01,0,Inf,hours,16.5600000000,USD,AWS Clean Rooms,AWSCleanRooms,US East (N. Virginia),AWS Region,USE1-TrainingInstanceHours-ML_P2_16XLARGE,CreateTrainedModel,,Training-ML_P2_16XLARGE,us-east-1,AWS Clean Rooms
BBT2AY9YHWBP5D3B,JRTCKXETXF,BBT2AY9YHWBP5D3B.JRTCKXETXF.6YS6EN2CT7,OnDemand,AWS Clean Rooms ML Custom Modeling- Compute,2025-03-01,0,Inf,hours,5.5300000000,USD,AWS Clean Rooms,AWSCleanRooms,US East (N. Virginia),AWS Region,USE1-InferenceInstanceHours-ML_M6I_24XLARGE,StartTrainedModelInferenceJob,,Inference-ML_M6I_24XLARGE,us-east-1,AWS Clean Rooms
BCD2HRFEQXBFJZP4,JRTCKXETXF,BCD2HRFEQXBFJZP4.JRTCKXETXF.6YS6EN2CT7,OnDemand,$1.505 per hours for USE1-TrainingInstanceHours-ML_G4DN_4XLARGE in US East (N. Virginia),2025-03-01,0,Inf,hours,1.5050000000,USD,AWS Clean Rooms,AWSCleanRooms,US East (N. Virginia),AWS Region,USE1-TrainingInstanceHours-ML_G4DN_4XLARGE,CreateTrainedModel,,Training-ML_G4DN_4XLARGE,us-east-1,AWS Clean Rooms
BM44FJE6WHC9VUHS,JRTCKXETXF,BM44FJE6WHC9VUHS.JRTCKXETXF.6YS6EN2CT7,OnDemand,AWS Clean Rooms ML Custom Modeling- Compute,2025-03-01,0,Inf,hours,4.8900000000,USD,AWS Clean Rooms,AWSCleanRooms,US East (N. Virginia),AWS Region,USE1-TrainingInstanceHours-ML_G4DN_12XLARGE,CreateTrainedModel,,Training-ML_G4DN_12XLARGE,us-east-1,AWS Clean Rooms
BM5VZ6EBM5FAV2G3,JRTCKXETXF,BM5VZ6EBM5FAV2G3.JRTCKXETXF.6YS6EN2CT7,OnDemand,AWS Clean Rooms ML Custom Modeling- Compute,2025-03-01,0,Inf,hours,0.4610000000,USD,AWS Clean Rooms,AWSCleanRooms,US East (N. Virginia),AWS Region,USE1-TrainingInstanceHours-ML_M6I_2XLARGE,CreateTrainedModel,,Training-ML_M6I_2XLARGE,us-east-1,AWS Clean Rooms
BWBAVQVF3H47TEQ9,JRTCKXETXF,BWBAVQVF3H47TEQ9.JRTCKXETXF.6YS6EN2CT7,OnDemand,$2 per CRPU-Hr for CleanRooms-SparkSQL-Compute:RunSparkSQLAnalysis in Asia Pacific (Tokyo),2025-03-01,0,Inf,CRPU-Hr,2.0000000000,USD,AWS Clean Rooms,AWSCleanRooms,US East (N. Virginia),AWS Region,USE1-CleanRooms-SparkSQL-Compute,RunSparkSQLAnalysis,SparkSQL,,us-east-1,AWS Clean Rooms
BXVC65QH3YGYVJWU,JRTCKXETXF,BXVC65QH3YGYVJWU.JRTCKXETXF.6YS6EN2CT7,OnDemand,AWS Clean Rooms ML Custom Modeling- Compute,2025-03-01,0,Inf,hours,4.8380000000,USD,AWS Clean Rooms,AWSCleanRooms,US East (N. Virginia),AWS Region,USE1-TrainingInstanceHours-ML_R5_16XLARGE,CreateTrainedModel,,Training-ML_R5_16XLARGE,us-east-1,AWS Clean Rooms
C4DBNKDSARKA6A6P,JRTCKXETXF,C4DBNKDSARKA6A6P.JRTCKXETXF.6YS6EN2CT7,OnDemand,AWS Clean Rooms ML Custom Modeling- Compute,2025-03-01,0,Inf,hours,2.7650000000,USD,AWS Clean Rooms,AWSCleanRooms,US East (N. Virginia),AWS Region,USE1-TrainingInstanceHours-ML_M6I_12XLARGE,CreateTrainedModel,,Training-ML_M6I_12XLARGE,us-east-1,AWS Clean Rooms
C9JR5RAFKZMHMZRB,JRTCKXETXF,C9JR5RAFKZMHMZRB.JRTCKXETXF.6YS6EN2CT7,OnDemand,AWS Clean Rooms ML Custom Modeling- Compute,2025-03-01,0,Inf,hours,0.2390000000,USD,AWS Clean Rooms,AWSCleanRooms,US East (N. Virginia),AWS Region,USE1-InferenceInstanceHours-ML_C4_XLARGE,StartTrainedModelInferenceJob,,Inference-ML_C4_XLARGE,us-east-1,AWS Clean Rooms
CAMJ2CBZAR23G2GS,JRTCKXETXF,CAMJ2CBZAR23G2GS.JRTCKXETXF.6YS6EN2CT7,OnDemand,AWS Clean Rooms ML Custom Modeling- Compute,2025-03-01,0,Inf,hours,7.3730000000,USD,AWS Clean Rooms,AWSCleanRooms,US East (N. Virginia),AWS Region,USE1-TrainingInstanceHours-ML_M6I_32XLARGE,CreateTrainedModel,,Training-ML_M6I_32XLARGE,us-east-1,AWS Clean Rooms
CBEEFM3VY8VNBTJG,JRTCKXETXF,CBEEFM3VY8VNBTJG.JRTCKXETXF.6YS6EN2CT7,OnDemand,AWS Clean Rooms ML Custom Modeling- Compute,2025-03-01,0,Inf,hours,0.4780000000,USD,AWS Clean Rooms,AWSCleanRooms,US East (N. Virginia),AWS Region,USE1-TrainingInstanceHours-ML_C4_2XLARGE,CreateTrainedModel,,Training-ML_C4_2XLARGE,us-east-1,AWS Clean Rooms
CKR38UTUMVQ43WKC,JRTCKXETXF,CKR38UTUMVQ43WKC.JRTCKXETXF.6YS6EN2CT7,OnDemand,AWS Clean Rooms ML Custom Modeling- Compute,2025-03-01,0,Inf,hours,3.0600000000,USD,AWS Clean Rooms,AWSCleanRooms,US East (N. Virginia),AWS Region,USE1-TrainingInstanceHours-ML_G5_8XLARGE,CreateTrainedModel,,Training-ML_G5_8XLARGE,us-east-1,AWS Clean Rooms
CMZB7EUYJMNJ8S7T,JRTCKXETXF,CMZB7EUYJMNJ8S7T.JRTCKXETXF.6YS6EN2CT7,OnDemand,AWS Clean Rooms ML Custom Modeling- Compute,2025-03-01,0,Inf,hours,2.4000000000,USD,AWS Clean Rooms,AWSCleanRooms,US East (N. Virginia),AWS Region,USE1-InferenceInstanceHours-ML_M4_10XLARGE,StartTrainedModelInferenceJob,,Inference-ML_M4_10XLARGE,us-east-1,AWS Clean Rooms
CZBCVM8GNV4F79ME,JRTCKXETXF,CZBCVM8GNV4F79ME.JRTCKXETXF.6YS6EN2CT7,OnDemand,AWS Clean Rooms ML Custom Modeling- Compute,2025-03-01,0,Inf,hours,0.2300000000,USD,AWS Clean Rooms,AWSCleanRooms,US East (N. Virginia),AWS Region,USE1-TrainingInstanceHours-ML_M6I_XLARGE,CreateTrainedModel,,Training-ML_M6I_XLARGE,us-east-1,AWS Clean Rooms
D4BQPS2YTW4V7CMP,JRTCKXETXF,D4BQPS2YTW4V7CMP.JRTCKXETXF.6YS6EN2CT7,OnDemand,$0.94 per hours for USE1-TrainingInstanceHours-ML_G4DN_2XLARGE in US East (N. Virginia),2025-03-01,0,Inf,hours,0.9400000000,USD,AWS Clean Rooms,AWSCleanRooms,US East (N. Virginia),AWS Region,USE1-TrainingInstanceHours-ML_G4DN_2XLARGE,CreateTrainedModel,,Training-ML_G4DN_2XLARGE,us-east-1,AWS Clean Rooms
DA7NB7SK5DVCHS2M,JRTCKXETXF,DA7NB7SK5DVCHS2M.JRTCKXETXF.6YS6EN2CT7,OnDemand,AWS Clean Rooms ML Custom Modeling- Compute,2025-03-01,0,Inf,hours,28.1520000000,USD,AWS Clean Rooms,AWSCleanRooms,US East (N. Virginia),AWS Region,USE1-TrainingInstanceHours-ML_P3_16XLARGE,CreateTrainedModel,,Training-ML_P3_16XLARGE,us-east-1,AWS Clean Rooms
DBANS9Y9STHETD9G,JRTCKXETXF,DBANS9Y9STHETD9G.JRTCKXETXF.6YS6EN2CT7,OnDemand,AWS Clean Rooms ML Custom Modeling- Compute,2025-03-01,0,Inf,hours,10.1800000000,USD,AWS Clean Rooms,AWSCleanRooms,US East (N. Virginia),AWS Region,USE1-InferenceInstanceHours-ML_G5_24XLARGE,StartTrainedModelInferenceJob,,Inference-ML_G5_24XLARGE,us-east-1,AWS Clean Rooms
DEQVDQG4E6U7G6UR,JRTCKXETXF,DEQVDQG4E6U7G6UR.JRTCKXETXF.6YS6EN2CT7,OnDemand,AWS Clean Rooms ML Custom Modeling- Compute,2025-03-01,0,Inf,hours,0.5180000000,USD,AWS Clean Rooms,AWSCleanRooms,US East (N. Virginia),AWS Region,USE1-TrainingInstanceHours-ML_C5N_2XLARGE,CreateTrainedModel,,Training-ML_C5N_2XLARGE,us-east-1,AWS Clean Rooms
DG4TNC4MAK4G35TB,JRTCKXETXF,DG4TNC4MAK4G35TB.JRTCKXETXF.6YS6EN2CT7,OnDemand,AWS Clean Rooms ML Custom Modeling- Compute,2025-03-01,0,Inf,hours,5.5300000000,USD,AWS Clean Rooms,AWSCleanRooms,US East (N. Virginia),AWS Region,USE1-TrainingInstanceHours-ML_M5_24XLARGE,CreateTrainedModel,,Training-ML_M5_24XLARGE,us-east-1,AWS Clean Rooms
DWDKY4F6B8GM8ZCH,JRTCKXETXF,DWDKY4F6B8GM8ZCH.JRTCKXETXF.6YS6EN2CT7,OnDemand,AWS Clean Rooms ML Custom Modeling- Compute,2025-03-01,0,Inf,hours,4.8960000000,USD,AWS Clean Rooms,AWSCleanRooms,US East (N. Virginia),AWS Region,USE1-InferenceInstanceHours-ML_C6I_24XLARGE,StartTrainedModelInferenceJob,,Inference-ML_C6I_24XLARGE,us-east-1,AWS Clean Rooms
E52JK2QB5R78CBT3,JRTCKXETXF,E52JK2QB5R78CBT3.JRTCKXETXF.6YS6EN2CT7,OnDemand,AWS Clean Rooms ML Custom Modeling- Compute,2025-03-01,0,Inf,hours,3.8250000000,USD,AWS Clean Rooms,AWSCleanRooms,US East (N. Virginia),AWS Region,USE1-InferenceInstanceHours-ML_P3_2XLARGE,StartTrainedModelInferenceJob,,Inference-ML_P3_2XLARGE,us-east-1,AWS Clean Rooms
E79UANDA5QKBMX93,JRTCKXETXF,E79UANDA5QKBMX93.JRTCKXETXF.6YS6EN2CT7,OnDemand,AWS Clean Rooms ML Custom Modeling- Compute,2025-03-01,0,Inf,hours,20.3600000000,USD,AWS Clean Rooms,AWSCleanRooms,US East (N. Virginia),AWS Region,USE1-TrainingInstanceHours-ML_G5_48XLARGE,CreateTrainedModel,,Training-ML_G5_48XLARGE,us-east-1,AWS Clean Rooms
ECMJU8HJHHDTE75F,JRTCKXETXF,ECMJU8HJHHDTE75F.JRTCKXETXF.6YS6EN2CT7,OnDemand,AWS Clean Rooms ML Custom Modeling- Compute,2025-03-01,0,Inf,hours,5.5280000000,USD,AWS Clean Rooms,AWSCleanRooms,US East (N. Virginia),AWS Region,USE1-TrainingInstanceHours-ML_R5D_16XLARGE,CreateTrainedModel,,Training-ML_R5D_16XLARGE,us-east-1,AWS Clean Rooms
EKJPFTHDPB9SVNXH,JRTCKXETXF,EKJPFTHDPB9SVNXH.JRTCKXETXF.6YS6EN2CT7,OnDemand,AWS Clean Rooms ML Custom Modeling- Compute,2025-03-01,0,Inf,hours,0.2000000000,USD,AWS Clean Rooms,AWSCleanRooms,US East (N. Virginia),AWS Region,USE1-TrainingInstanceHours-ML_T3_XLARGE,CreateTrainedModel,,Training-ML_T3_XLARGE,us-east-1,AWS Clean Rooms
EMKJGK3BBEWFC8N8,JRTCKXETXF,EMKJGK3BBEWFC8N8.JRTCKXETXF.6YS6EN2CT7,OnDemand,AWS Clean Rooms ML Custom Modeling- Compute,2025-03-01,0,Inf,hours,35.8940000000,USD,AWS Clean Rooms,AWSCleanRooms,US East (N. Virginia),AWS Region,USE1-TrainingInstanceHours-ML_P3DN_24XLARGE,CreateTrainedModel,,Training-ML_P3DN_24XLARGE,us-east-1,AWS Clean Rooms
ESYW5U99694FKAMM,JRTCKXETXF,ESYW5U99694FKAMM.JRTCKXETXF.6YS6EN2CT7,OnDemand,AWS Clean Rooms ML Custom Modeling- Compute,2025-03-01,0,Inf,hours,2.7640000000,USD,AWS Clean Rooms,AWSCleanRooms,US East (N. Virginia),AWS Region,USE1-TrainingInstanceHours-ML_R5D_8XLARGE,CreateTrainedModel,,Training-ML_R5D_8XLARGE,us-east-1,AWS Clean Rooms
F4RP75H33K4M9U8N,JRTCKXETXF,F4RP75H33K4M9U8N.JRTCKXETXF.6YS6EN2CT7,OnDemand,AWS Clean Rooms ML Custom Modeling- Compute,2025-03-01,0,Inf,hours,8.2940000000,USD,AWS Clean Rooms,AWSCleanRooms,US East (N. Virginia),AWS Region,USE1-TrainingInstanceHours-ML_R5D_24XLARGE,CreateTrainedModel,,Training-ML_R5D_24XLARGE,us-east-1,AWS Clean Rooms
F8MG7NW33TCRR8J4,JRTCKXETXF,F8MG7NW33TCRR8J4.JRTCKXETXF.6YS6EN2CT7,OnDemand,AWS Clean Rooms ML Custom Modeling- Compute,2025-03-01,0,Inf,hours,37.6880000000,USD,AWS Clean Rooms,AWSCleanRooms,US East (N. Virginia),AWS Region,USE1-TrainingInstanceHours-ML_P4D_24XLARGE,CreateTrainedModel,,Training-ML_P4D_24XLARGE,us-east-1,AWS Clean Rooms
FEBQWXZX5XSRC72C,JRTCKXETXF,FEBQWXZX5XSRC72C.JRTCKXETXF.6YS6EN2CT7,OnDemand,AWS Clean Rooms ML Custom Modeling- Compute,2025-03-01,0,Inf,hours,1.5150000000,USD,AWS Clean Rooms,AWSCleanRooms,US East (N. Virginia),AWS Region,USE1-TrainingInstanceHours-ML_G5_2XLARGE,CreateTrainedModel,,Training-ML_G5_2XLARGE,us-east-1,AWS Clean Rooms
FGKVBFTPFR6UE78X,JRTCKXETXF,FGKVBFTPFR6UE78X.JRTCKXETXF.6YS6EN2CT7,OnDemand,AWS Clean Rooms ML Custom Modeling- Compute,2025-03-01,0,Inf,hours,0.1510000000,USD,AWS Clean Rooms,AWSCleanRooms,US East (N. Virginia),AWS Region,USE1-TrainingInstanceHours-ML_R5_LARGE,CreateTrainedModel,,Training-ML_R5_LARGE,us-east-1,AWS Clean Rooms
FRNWUMYWG6U3VSCT,JRTCKXETXF,FRNWUMYWG6U3VSCT.JRTCKXETXF.6YS6EN2CT7,OnDemand,$2.72 per hours for USE1-TrainingInstanceHours-ML_G4DN_8XLARGE in US East (N. Virginia),2025-03-01,0,Inf,hours,2.7200000000,USD,AWS Clean Rooms,AWSCleanRooms,US East (N. Virginia),AWS Region,USE1-TrainingInstanceHours-ML_G4DN_8XLARGE,CreateTrainedModel,,Training-ML_G4DN_8XLARGE,us-east-1,AWS Clean Rooms
FUE4VMK3V265KGCD,JRTCKXETXF,FUE4VMK3V265KGCD.JRTCKXETXF.6YS6EN2CT7,OnDemand,AWS Clean Rooms ML Custom Modeling- Compute,2025-03-01,0,Inf,hours,0.9220000000,USD,AWS Clean Rooms,AWSCleanRooms,US East (N. Virginia),AWS Region,USE1-InferenceInstanceHours-ML_M6I_4XLARGE,StartTrainedModelInferenceJob,,Inference-ML_M6I_4XLARGE,us-east-1,AWS Clean Rooms
FUPRQJBECXZT6ZGY,JRTCKXETXF,FUPRQJBECXZT6ZGY.JRTCKXETXF.6YS6EN2CT7,OnDemand,AWS Clean Rooms ML Custom Modeling- Compute,2025-03-01,0,Inf,hours,4.1470000000,USD,AWS Clean Rooms,AWSCleanRooms,US East (N. Virginia),AWS Region,USE1-TrainingInstanceHours-ML_R5D_12XLARGE,CreateTrainedModel,,Training-ML_R5D_12XLARGE,us-east-1,AWS Clean Rooms
GFN3GTBMCKDQ3PX3,JRTCKXETXF,GFN3GTBMCKDQ3PX3.JRTCKXETXF.6YS6EN2CT7,OnDemand,AWS Clean Rooms ML Custom Modeling- Compute,2025-03-01,0,Inf,hours,2.4190000000,USD,AWS Clean Rooms,AWSCleanRooms,US East (N. Virginia),AWS Region,USE1-TrainingInstanceHours-ML_R5_8XLARGE,CreateTrainedModel,,Training-ML_R5_8XLARGE,us-east-1,AWS Clean Rooms
GGDD5FXCPMXYS94T,JRTCKXETXF,GGDD5FXCPMXYS94T.JRTCKXETXF.6YS6EN2CT7,OnDemand,AWS Clean Rooms ML Custom Modeling- Compute,2025-03-01,0,Inf,hours,0.2400000000,USD,AWS Clean Rooms,AWSCleanRooms,US East (N. Virginia),AWS Region,USE1-InferenceInstanceHours-ML_M4_XLARGE,StartTrainedModelInferenceJob,,Inference-ML_M4_XLARGE,us-east-1,AWS Clean Rooms
GHM2CHHRGNFC53WQ,JRTCKXETXF,GHM2CHHRGNFC53WQ.JRTCKXETXF.6YS6EN2CT7,OnDemand,AWS Clean Rooms ML Custom Modeling- Compute,2025-03-01,0,Inf,hours,3.6860000000,USD,AWS Clean Rooms,AWSCleanRooms,US East (N. Virginia),AWS Region,USE1-TrainingInstanceHours-ML_M6I_16XLARGE,CreateTrainedModel,,Training-ML_M6I_16XLARGE,us-east-1,AWS Clean Rooms
GKYPAUBFC3APQZYB,JRTCKXETXF,GKYPAUBFC3APQZYB.JRTCKXETXF.6YS6EN2CT7,OnDemand,AWS Clean Rooms ML Custom Modeling- Compute,2025-03-01,0,Inf,hours,0.1150000000,USD,AWS Clean Rooms,AWSCleanRooms,US East (N. Virginia),AWS Region,USE1-InferenceInstanceHours-ML_M5_LARGE,StartTrainedModelInferenceJob,,Inference-ML_M5_LARGE,us-east-1,AWS Clean Rooms
GXTN5D9645263YJ5,JRTCKXETXF,GXTN5D9645263YJ5.JRTCKXETXF.6YS6EN2CT7,OnDemand,AWS Clean Rooms ML Custom Modeling- Compute,2025-03-01,0,Inf,hours,0.0500000000,USD,AWS Clean Rooms,AWSCleanRooms,US East (N. Virginia),AWS Region,USE1-TrainingInstanceHours-ML_T3_MEDIUM,CreateTrainedModel,,Training-ML_T3_MEDIUM,us-east-1,AWS Clean Rooms
GYGXQH92A3HDHPAC,JRTCKXETXF,GYGXQH92A3HDHPAC.JRTCKXETXF.6YS6EN2CT7,OnDemand,AWS Clean Rooms ML Custom Modeling- Compute,2025-03-01,0,Inf,hours,16.5600000000,USD,AWS Clean Rooms,AWSCleanRooms,US East (N. Virginia),AWS Region,USE1-InferenceInstanceHours-ML_P2_16XLARGE,StartTrainedModelInferenceJob,,Inference-ML_P2_16XLARGE,us-east-1,AWS Clean Rooms
H8UW5YUDH3PE4S7J,JRTCKXETXF,H8UW5YUDH3PE4S7J.JRTCKXETXF.6YS6EN2CT7,OnDemand,AWS Clean Rooms ML Custom Modeling- Compute,2025-03-01,0,Inf,hours,5.5300000000,USD,AWS Clean Rooms,AWSCleanRooms,US East (N. Virginia),AWS Region,USE1-InferenceInstanceHours-ML_M5_24XLARGE,StartTrainedModelInferenceJob,,Inference-ML_M5_24XLARGE,us-east-1,AWS Clean Rooms
HRWRVWSNDYGGAGQH,JRTCKXETXF,HRWRVWSNDYGGAGQH.JRTCKXETXF.6YS6EN2CT7,OnDemand,AWS Clean Rooms ML Custom Modeling- Compute,2025-03-01,0,Inf,hours,2.7200000000,USD,AWS Clean Rooms,AWSCleanRooms,US East (N. Virginia),AWS Region,USE1-InferenceInstanceHours-ML_G4DN_8XLARGE,StartTrainedModelInferenceJob,,Inference-ML_G4DN_8XLARGE,us-east-1,AWS Clean Rooms
HUD9DKJN8U2RXBYB,JRTCKXETXF,HUD9DKJN8U2RXBYB.JRTCKXETXF.6YS6EN2CT7,OnDemand,AWS Clean Rooms ML Custom Modeling- Compute,2025-03-01,0,Inf,hours,1.2100000000,USD,AWS Clean Rooms,AWSCleanRooms,US East (N. Virginia),AWS Region,USE1-TrainingInstanceHours-ML_R5_4XLARGE,CreateTrainedModel,,Training-ML_R5_4XLARGE,us-east-1,AWS Clean Rooms
HXCKCXMX7DNPVQDD,JRTCKXETXF,HXCKCXMX7DNPVQDD.JRTCKXETXF.6YS6EN2CT7,OnDemand,AWS Clean Rooms ML Custom Modeling- Compute,2025-03-01,0,Inf,hours,3.6720000000,USD,AWS Clean Rooms,AWSCleanRooms,US East (N. Virginia),AWS Region,USE1-InferenceInstanceHours-ML_C5_18XLARGE,StartTrainedModelInferenceJob,,Inference-ML_C5_18XLARGE,us-east-1,AWS Clean Rooms
J9H6XDAMT6E592SH,JRTCKXETXF,J9H6XDAMT6E592SH.JRTCKXETXF.6YS6EN2CT7,OnDemand,AWS Clean Rooms ML Custom Modeling- Compute,2025-03-01,0,Inf,hours,3.6290000000,USD,AWS Clean Rooms,AWSCleanRooms,US East (N. Virginia),AWS Region,USE1-TrainingInstanceHours-ML_R5_12XLARGE,CreateTrainedModel,,Training-ML_R5_12XLARGE,us-east-1,AWS Clean Rooms
JBEV8EJ4D928QAZP,JRTCKXETXF,JBEV8EJ4D928QAZP.JRTCKXETXF.6YS6EN2CT7,OnDemand,AWS Clean Rooms ML Custom Modeling- Compute,2025-03-01,0,Inf,hours,0.9550000000,USD,AWS Clean Rooms,AWSCleanRooms,US East (N. Virginia),AWS Region,USE1-TrainingInstanceHours-ML_C4_4XLARGE,CreateTrainedModel,,Training-ML_C4_4XLARGE,us-east-1,AWS Clean Rooms
JDSTD8Y65F6VUAFH,JRTCKXETXF,JDSTD8Y65F6VUAFH.JRTCKXETXF.6YS6EN2CT7,OnDemand,$0.736 per hours for USE1-TrainingInstanceHours-ML_G4DN_XLARGE in US East (N. Virginia),2025-03-01,0,Inf,hours,0.7360000000,USD,AWS Clean Rooms,AWSCleanRooms,US East (N. Virginia),AWS Region,USE1-TrainingInstanceHours-ML_G4DN_XLARGE,CreateTrainedModel,,Training-ML_G4DN_XLARGE,us-east-1,AWS Clean Rooms
JKWX2RJ63C4S5HZV,JRTCKXETXF,JKWX2RJ63C4S5HZV.JRTCKXETXF.6YS6EN2CT7,OnDemand,$2.00 per CRPU-Hr for CleanRooms-SQL-Compute:RunCustomSQLDifferentialPrivacy in US East (N. Virginia),2025-03-01,0,Inf,CRPU-Hr,2.0000000000,USD,AWS Clean Rooms,AWSCleanRooms,US East (N. Virginia),AWS Region,USE1-CleanRooms-SQL-Compute,RunCustomSQLDifferentialPrivacy,CustomSQLDifferentialPrivacy,,us-east-1,AWS Clean Rooms
JUWD5VV76YYVWHUZ,JRTCKXETXF,JUWD5VV76YYVWHUZ.JRTCKXETXF.6YS6EN2CT7,OnDemand,AWS Clean Rooms ML Custom Modeling- Compute,2025-03-01,0,Inf,hours,8.6400000000,USD,AWS Clean Rooms,AWSCleanRooms,US East (N. Virginia),AWS Region,USE1-TrainingInstanceHours-ML_P2_8XLARGE,CreateTrainedModel,,Training-ML_P2_8XLARGE,us-east-1,AWS Clean Rooms
JYUCDR3AZUAWDGCA,JRTCKXETXF,JYUCDR3AZUAWDGCA.JRTCKXETXF.6YS6EN2CT7,OnDemand,AWS Clean Rooms ML Custom Modeling- Compute,2025-03-01,0,Inf,hours,4.8900000000,USD,AWS Clean Rooms,AWSCleanRooms,US East (N. Virginia),AWS Region,USE1-InferenceInstanceHours-ML_G4DN_12XLARGE,StartTrainedModelInferenceJob,,Inference-ML_G4DN_12XLARGE,us-east-1,AWS Clean Rooms
K5HRXA5KJ5QHAN6B,JRTCKXETXF,K5HRXA5KJ5QHAN6B.JRTCKXETXF.6YS6EN2CT7,OnDemand,AWS Clean Rooms ML Custom Modeling- Compute,2025-03-01,0,Inf,hours,0.2040000000,USD,AWS Clean Rooms,AWSCleanRooms,US East (N. Virginia),AWS Region,USE1-InferenceInstanceHours-ML_C5_XLARGE,StartTrainedModelInferenceJob,,Inference-ML_C5_XLARGE,us-east-1,AWS Clean Rooms
KMJQHYW87WK5VXHH,JRTCKXETXF,KMJQHYW87WK5VXHH.JRTCKXETXF.6YS6EN2CT7,OnDemand,$4.00 per CRPU-Hr for CleanRooms-PySpark-Compute:RunPySparkAnalysis in US East (N. Virginia),2025-03-01,0,Inf,CRPU-Hr,4.0000000000,USD,AWS Clean Rooms,AWSCleanRooms,US East (N. Virginia),AWS Region,USE1-CleanRooms-PySpark-Compute,RunPySparkAnalysis,PySpark,,us-east-1,AWS Clean Rooms
KY655ESXN4GKGQVJ,JRTCKXETXF,KY655ESXN4GKGQVJ.JRTCKXETXF.6YS6EN2CT7,OnDemand,AWS Clean Rooms ML Custom Modeling- Compute,2025-03-01,0,Inf,hours,2.4000000000,USD,AWS Clean Rooms,AWSCleanRooms,US East (N. Virginia),AWS Region,USE1-TrainingInstanceHours-ML_M4_10XLARGE,CreateTrainedModel,,Training-ML_M4_10XLARGE,us-east-1,AWS Clean Rooms
M5Y29NUPUB8FF4NU,JRTCKXETXF,M5Y29NUPUB8FF4NU.JRTCKXETXF.6YS6EN2CT7,OnDemand,AWS Clean Rooms ML Custom Modeling- Compute,2025-03-01,0,Inf,hours,0.4080000000,USD,AWS Clean Rooms,AWSCleanRooms,US East (N. Virginia),AWS Region,USE1-InferenceInstanceHours-ML_C5_2XLARGE,StartTrainedModelInferenceJob,,Inference-ML_C5_2XLARGE,us-east-1,AWS Clean Rooms
M7FE6NMJUV7PF3R9,JRTCKXETXF,M7FE6NMJUV7PF3R9.JRTCKXETXF.6YS6EN2CT7,OnDemand,AWS Clean Rooms ML Custom Modeling- Compute,2025-03-01,0,Inf,hours,4.6660000000,USD,AWS Clean Rooms,AWSCleanRooms,US East (N. Virginia),AWS Region,USE1-TrainingInstanceHours-ML_C5N_18XLARGE,CreateTrainedModel,,Training-ML_C5N_18XLARGE,us-east-1,AWS Clean Rooms
MCG4PH537T3NKJPP,JRTCKXETXF,MCG4PH537T3NKJPP.JRTCKXETXF.6YS6EN2CT7,OnDemand,AWS Clean Rooms ML Custom Modeling- Compute,2025-03-01,0,Inf,hours,0.2400000000,USD,AWS Clean Rooms,AWSCleanRooms,US East (N. Virginia),AWS Region,USE1-TrainingInstanceHours-ML_M4_XLARGE,CreateTrainedModel,,Training-ML_M4_XLARGE,us-east-1,AWS Clean Rooms
MP7GCZKABEZUHS9W,JRTCKXETXF,MP7GCZKABEZUHS9W.JRTCKXETXF.6YS6EN2CT7,OnDemand,AWS Clean Rooms ML Custom Modeling- Compute,2025-03-01,0,Inf,hours,1.9090000000,USD,AWS Clean Rooms,AWSCleanRooms,US East (N. Virginia),AWS Region,USE1-InferenceInstanceHours-ML_C4_8XLARGE,StartTrainedModelInferenceJob,,Inference-ML_C4_8XLARGE,us-east-1,AWS Clean Rooms
MTT4MSM2UWYQBWXD,JRTCKXETXF,MTT4MSM2UWYQBWXD.JRTCKXETXF.6YS6EN2CT7,OnDemand,AWS Clean Rooms ML Custom Modeling- Compute,2025-03-01,0,Inf,hours,0.4800000000,USD,AWS Clean Rooms,AWSCleanRooms,US East (N. Virginia),AWS Region,USE1-InferenceInstanceHours-ML_M4_2XLARGE,StartTrainedModelInferenceJob,,Inference-ML_M4_2XLARGE,us-east-1,AWS Clean Rooms
N3FTPMBFNH45C3EV,JRTCKXETXF,N3FTPMBFNH45C3EV.JRTCKXETXF.6YS6EN2CT7,OnDemand,AWS Clean Rooms ML Custom Modeling- Compute,2025-03-01,0,Inf,hours,5.1200000000,USD,AWS Clean Rooms,AWSCleanRooms,US East (N. Virginia),AWS Region,USE1-InferenceInstanceHours-ML_G5_16XLARGE,StartTrainedModelInferenceJob,,Inference-ML_G5_16XLARGE,us-east-1,AWS Clean Rooms
N5UUKTKFNHJVFPGW,JRTCKXETXF,N5UUKTKFNHJVFPGW.JRTCKXETXF.6YS6EN2CT7,OnDemand,AWS Clean Rooms ML Custom Modeling- Compute,2025-03-01,0,Inf,hours,0.2300000000,USD,AWS Clean Rooms,AWSCleanRooms,US East (N. Virginia),AWS Region,USE1-InferenceInstanceHours-ML_M5_XLARGE,StartTrainedModelInferenceJob,,Inference-ML_M5_XLARGE,us-east-1,AWS Clean Rooms
N7TKDQVJD42PVFY5,JRTCKXETXF,N7TKDQVJD42PVFY5.JRTCKXETXF.6YS6EN2CT7,OnDemand,AWS Clean Rooms ML Custom Modeling- Compute,2025-03-01,0,Inf,hours,6.5280000000,USD,AWS Clean Rooms,AWSCleanRooms,US East (N. Virginia),AWS Region,USE1-TrainingInstanceHours-ML_C6I_32XLARGE,CreateTrainedModel,,Training-ML_C6I_32XLARGE,us-east-1,AWS Clean Rooms
N82E276C5P896STJ,JRTCKXETXF,N82E276C5P896STJ.JRTCKXETXF.6YS6EN2CT7,OnDemand,AWS Clean Rooms ML Custom Modeling- Compute,2025-03-01,0,Inf,hours,2.7650000000,USD,AWS Clean Rooms,AWSCleanRooms,US East (N. Virginia),AWS Region,USE1-InferenceInstanceHours-ML_M6I_12XLARGE,StartTrainedModelInferenceJob,,Inference-ML_M6I_12XLARGE,us-east-1,AWS Clean Rooms
N93ESTAK2CG5AKXC,JRTCKXETXF,N93ESTAK2CG5AKXC.JRTCKXETXF.6YS6EN2CT7,OnDemand,AWS Clean Rooms ML Custom Modeling- Compute,2025-03-01,0,Inf,hours,28.5000000000,USD,AWS Clean Rooms,AWSCleanRooms,US East (N. Virginia),AWS Region,USE1-TrainingInstanceHours-ML_TRN1N_32XLARGE,CreateTrainedModel,,Training-ML_TRN1N_32XLARGE,us-east-1,AWS Clean Rooms
NE85ER6X7C3F9HER,JRTCKXETXF,NE85ER6X7C3F9HER.JRTCKXETXF.6YS6EN2CT7,OnDemand,AWS Clean Rooms ML Custom Modeling- Compute,2025-03-01,0,Inf,hours,1.8360000000,USD,AWS Clean Rooms,AWSCleanRooms,US East (N. Virginia),AWS Region,USE1-InferenceInstanceHours-ML_C5_9XLARGE,StartTrainedModelInferenceJob,,Inference-ML_C5_9XLARGE,us-east-1,AWS Clean Rooms
NGBYJAY97T96NTZH,JRTCKXETXF,NGBYJAY97T96NTZH.JRTCKXETXF.6YS6EN2CT7,OnDemand,AWS Clean Rooms ML Custom Modeling- Compute,2025-03-01,0,Inf,hours,0.2300000000,USD,AWS Clean Rooms,AWSCleanRooms,US East (N. Virginia),AWS Region,USE1-TrainingInstanceHours-ML_M5_XLARGE,CreateTrainedModel,,Training-ML_M5_XLARGE,us-east-1,AWS Clean Rooms
NNQ9HPX7D56E7SHT,JRTCKXETXF,NNQ9HPX7D56E7SHT.JRTCKXETXF.6YS6EN2CT7,OnDemand,$0.656 per CRPU-Hr for CleanRooms-SQL-Compute:RunSQLAnalysis in US East (N. Virginia),2025-03-01,0,Inf,CRPU-Hr,0.6560000000,USD,AWS Clean Rooms,AWSCleanRooms,US East (N. Virginia),AWS Region,USE1-CleanRooms-SQL-Compute,RunSQLAnalysis,SQL,,us-east-1,AWS Clean Rooms
NUXB76QJSNCZSJ89,JRTCKXETXF,NUXB76QJSNCZSJ89.JRTCKXETXF.6YS6EN2CT7,OnDemand,AWS Clean Rooms ML Custom Modeling- Compute,2025-03-01,0,Inf,hours,0.8160000000,USD,AWS Clean Rooms,AWSCleanRooms,US East (N. Virginia),AWS Region,USE1-TrainingInstanceHours-ML_C5_4XLARGE,CreateTrainedModel,,Training-ML_C5_4XLARGE,us-east-1,AWS Clean Rooms
NWMETKPG4G7H34RB,JRTCKXETXF,NWMETKPG4G7H34RB.JRTCKXETXF.6YS6EN2CT7,OnDemand,AWS Clean Rooms ML Custom Modeling- Compute,2025-03-01,0,Inf,hours,0.4610000000,USD,AWS Clean Rooms,AWSCleanRooms,US East (N. Virginia),AWS Region,USE1-InferenceInstanceHours-ML_M5_2XLARGE,StartTrainedModelInferenceJob,,Inference-ML_M5_2XLARGE,us-east-1,AWS Clean Rooms
NX7SYX8X28VS6ERR,JRTCKXETXF,NX7SYX8X28VS6ERR.JRTCKXETXF.6YS6EN2CT7,OnDemand,AWS Clean Rooms ML Custom Modeling- Compute,2025-03-01,0,Inf,hours,113.0700000000,USD,AWS Clean Rooms,AWSCleanRooms,US East (N. Virginia),AWS Region,USE1-TrainingInstanceHours-ML_P5_48XLARGE,CreateTrainedModel,,Training-ML_P5_48XLARGE,us-east-1,AWS Clean Rooms
PB8DN3HYJT6PTNUK,JRTCKXETXF,PB8DN3HYJT6PTNUK.JRTCKXETXF.6YS6EN2CT7,OnDemand,AWS Clean Rooms ML Custom Modeling- Compute,2025-03-01,0,Inf,hours,1.5050000000,USD,AWS Clean Rooms,AWSCleanRooms,US East (N. Virginia),AWS Region,USE1-InferenceInstanceHours-ML_G4DN_4XLARGE,StartTrainedModelInferenceJob,,Inference-ML_G4DN_4XLARGE,us-east-1,AWS Clean Rooms
PHSWFYMJ6H3F293E,JRTCKXETXF,PHSWFYMJ6H3F293E.JRTCKXETXF.6YS6EN2CT7,OnDemand,AWS Clean Rooms ML Custom Modeling- Compute,2025-03-01,0,Inf,hours,1.8430000000,USD,AWS Clean Rooms,AWSCleanRooms,US East (N. Virginia),AWS Region,USE1-InferenceInstanceHours-ML_M6I_8XLARGE,StartTrainedModelInferenceJob,,Inference-ML_M6I_8XLARGE,us-east-1,AWS Clean Rooms
PNPSKKNJBJBMXZBB,JRTCKXETXF,PNPSKKNJBJBMXZBB.JRTCKXETXF.6YS6EN2CT7,OnDemand,AWS Clean Rooms ML Custom Modeling- Compute,2025-03-01,0,Inf,hours,0.1730000000,USD,AWS Clean Rooms,AWSCleanRooms,US East (N. Virginia),AWS Region,USE1-TrainingInstanceHours-ML_R5D_LARGE,CreateTrainedModel,,Training-ML_R5D_LARGE,us-east-1,AWS Clean Rooms
PQ3QEBS5TXPHFZXA,JRTCKXETXF,PQ3QEBS5TXPHFZXA.JRTCKXETXF.6YS6EN2CT7,OnDemand,AWS Clean Rooms ML Custom Modeling- Compute,2025-03-01,0,Inf,hours,5.5300000000,USD,AWS Clean Rooms,AWSCleanRooms,US East (N. Virginia),AWS Region,USE1-TrainingInstanceHours-ML_M6I_24XLARGE,CreateTrainedModel,,Training-ML_M6I_24XLARGE,us-east-1,AWS Clean Rooms
PTUB3K54UYWT9AV9,JRTCKXETXF,PTUB3K54UYWT9AV9.JRTCKXETXF.6YS6EN2CT7,OnDemand,AWS Clean Rooms ML Custom Modeling- Compute,2025-03-01,0,Inf,hours,1.9350000000,USD,AWS Clean Rooms,AWSCleanRooms,US East (N. Virginia),AWS Region,USE1-InferenceInstanceHours-ML_M7I_8XLARGE,StartTrainedModelInferenceJob,,Inference-ML_M7I_8XLARGE,us-east-1,AWS Clean Rooms
Q2QESNDDG3MMJW4P,JRTCKXETXF,Q2QESNDDG3MMJW4P.JRTCKXETXF.6YS6EN2CT7,OnDemand,AWS Clean Rooms ML Custom Modeling- Compute,2025-03-01,0,Inf,hours,2.3330000000,USD,AWS Clean Rooms,AWSCleanRooms,US East (N. Virginia),AWS Region,USE1-TrainingInstanceHours-ML_C5N_9XLARGE,CreateTrainedModel,,Training-ML_C5N_9XLARGE,us-east-1,AWS Clean Rooms
QACVEWHGGGJ9QT5Y,JRTCKXETXF,QACVEWHGGGJ9QT5Y.JRTCKXETXF.6YS6EN2CT7,OnDemand,AWS Clean Rooms ML Custom Modeling- Compute,2025-03-01,0,Inf,hours,0.4610000000,USD,AWS Clean Rooms,AWSCleanRooms,US East (N. Virginia),AWS Region,USE1-InferenceInstanceHours-ML_M6I_2XLARGE,StartTrainedModelInferenceJob,,Inference-ML_M6I_2XLARGE,us-east-1,AWS Clean Rooms
QEZ4K4BE4QZWP2AY,JRTCKXETXF,QEZ4K4BE4QZWP2AY.JRTCKXETXF.6YS6EN2CT7,OnDemand,AWS Clean Rooms ML Custom Modeling- Compute,2025-03-01,0,Inf,hours,3.8710000000,USD,AWS Clean Rooms,AWSCleanRooms,US East (N. Virginia),AWS Region,USE1-InferenceInstanceHours-ML_M7I_16XLARGE,StartTrainedModelInferenceJob,,Inference-ML_M7I_16XLARGE,us-east-1,AWS Clean Rooms
QKC9JF8RPFTTPU9X,JRTCKXETXF,QKC9JF8RPFTTPU9X.JRTCKXETXF.6YS6EN2CT7,OnDemand,AWS Clean Rooms ML Custom Modeling- Compute,2025-03-01,0,Inf,hours,0.1070000000,USD,AWS Clean Rooms,AWSCleanRooms,US East (N. Virginia),AWS Region,USE1-InferenceInstanceHours-ML_C7I_LARGE,StartTrainedModelInferenceJob,,Inference-ML_C7I_LARGE,us-east-1,AWS Clean Rooms
QVSPKFNE2SYRE5BN,JRTCKXETXF,QVSPKFNE2SYRE5BN.JRTCKXETXF.6YS6EN2CT7,OnDemand,AWS Clean Rooms ML Custom Modeling- Compute,2025-03-01,0,Inf,hours,1.3820000000,USD,AWS Clean Rooms,AWSCleanRooms,US East (N. Virginia),AWS Region,USE1-TrainingInstanceHours-ML_R5D_4XLARGE,CreateTrainedModel,,Training-ML_R5D_4XLARGE,us-east-1,AWS Clean Rooms
R6Y6G29NGBDSW2JV,JRTCKXETXF,R6Y6G29NGBDSW2JV.JRTCKXETXF.6YS6EN2CT7,OnDemand,AWS Clean Rooms ML Custom Modeling- Compute,2025-03-01,0,Inf,hours,8.6400000000,USD,AWS Clean Rooms,AWSCleanRooms,US East (N. Virginia),AWS Region,USE1-InferenceInstanceHours-ML_P2_8XLARGE,StartTrainedModelInferenceJob,,Inference-ML_P2_8XLARGE,us-east-1,AWS Clean Rooms
SA6CBYGJA2YES4FG,JRTCKXETXF,SA6CBYGJA2YES4FG.JRTCKXETXF.6YS6EN2CT7,OnDemand,AWS Clean Rooms ML Custom Modeling- Compute,2025-03-01,0,Inf,hours,0.9680000000,USD,AWS Clean Rooms,AWSCleanRooms,US East (N. Virginia),AWS Region,USE1-InferenceInstanceHours-ML_M7I_4XLARGE,StartTrainedModelInferenceJob,,Inference-ML_M7I_4XLARGE,us-east-1,AWS Clean Rooms
SC5JFDEYX57QJY39,JRTCKXETXF,SC5JFDEYX57QJY39.JRTCKXETXF.6YS6EN2CT7,OnDemand,AWS Clean Rooms ML Custom Modeling- Compute,2025-03-01,0,Inf,hours,3.4270000000,USD,AWS Clean Rooms,AWSCleanRooms,US East (N. Virginia),AWS Region,USE1-InferenceInstanceHours-ML_C7I_16XLARGE,StartTrainedModelInferenceJob,,Inference-ML_C7I_16XLARGE,us-east-1,AWS Clean Rooms
SCBEMPJU9HAW9FY4,JRTCKXETXF,SCBEMPJU9HAW9FY4.JRTCKXETXF.6YS6EN2CT7,OnDemand,AWS Clean Rooms ML Custom Modeling- Compute,2025-03-01,0,Inf,hours,3.8400000000,USD,AWS Clean Rooms,AWSCleanRooms,US East (N. Virginia),AWS Region,USE1-TrainingInstanceHours-ML_M4_16XLARGE,CreateTrainedModel,,Training-ML_M4_16XLARGE,us-east-1,AWS Clean Rooms
SCMV5ZXCPXCV22HU,JRTCKXETXF,SCMV5ZXCPXCV22HU.JRTCKXETXF.6YS6EN2CT7,OnDemand,AWS Clean Rooms ML Custom Modeling- Compute,2025-03-01,0,Inf,hours,3.0600000000,USD,AWS Clean Rooms,AWSCleanRooms,US East (N. Virginia),AWS Region,USE1-InferenceInstanceHours-ML_G5_8XLARGE,StartTrainedModelInferenceJob,,Inference-ML_G5_8XLARGE,us-east-1,AWS Clean Rooms
SDJWKMP98VPX497D,JRTCKXETXF,SDJWKMP98VPX497D.JRTCKXETXF.6YS6EN2CT7,OnDemand,AWS Clean Rooms ML Custom Modeling- Compute,2025-03-01,0,Inf,hours,2.0300000000,USD,AWS Clean Rooms,AWSCleanRooms,US East (N. Virginia),AWS Region,USE1-InferenceInstanceHours-ML_G5_4XLARGE,StartTrainedModelInferenceJob,,Inference-ML_G5_4XLARGE,us-east-1,AWS Clean Rooms
SKSEX8CA4XB73KST,JRTCKXETXF,SKSEX8CA4XB73KST.JRTCKXETXF.6YS6EN2CT7,OnDemand,$0.01 per 1,000 records,2025-03-01,0,Inf,Records,0.0000100000,USD,AWS Clean Rooms,AWSCleanRooms,US East (N. Virginia),AWS Region,USE1-NumberOfTrainingRecords,CreateTrainedModel,,Training,us-east-1,AWS Clean Rooms
SQY4S7QGNDCNCFAZ,JRTCKXETXF,SQY4S7QGNDCNCFAZ.JRTCKXETXF.6YS6EN2CT7,OnDemand,AWS Clean Rooms ML Custom Modeling- Compute,2025-03-01,0,Inf,hours,0.4800000000,USD,AWS Clean Rooms,AWSCleanRooms,US East (N. Virginia),AWS Region,USE1-TrainingInstanceHours-ML_M4_2XLARGE,CreateTrainedModel,,Training-ML_M4_2XLARGE,us-east-1,AWS Clean Rooms
TTYMW6BTQ9H6NY6T,JRTCKXETXF,TTYMW6BTQ9H6NY6T.JRTCKXETXF.6YS6EN2CT7,OnDemand,AWS Clean Rooms ML Custom Modeling- Compute,2025-03-01,0,Inf,hours,2.7650000000,USD,AWS Clean Rooms,AWSCleanRooms,US East (N. Virginia),AWS Region,USE1-TrainingInstanceHours-ML_M5_12XLARGE,CreateTrainedModel,,Training-ML_M5_12XLARGE,us-east-1,AWS Clean Rooms
UARV6WT2P8GM89JX,JRTCKXETXF,UARV6WT2P8GM89JX.JRTCKXETXF.6YS6EN2CT7,OnDemand,AWS Clean Rooms ML Custom Modeling- Compute,2025-03-01,0,Inf,hours,1.9090000000,USD,AWS Clean Rooms,AWSCleanRooms,US East (N. Virginia),AWS Region,USE1-TrainingInstanceHours-ML_C4_8XLARGE,CreateTrainedModel,,Training-ML_C4_8XLARGE,us-east-1,AWS Clean Rooms
V3JFA9GY6RBE5ZYH,JRTCKXETXF,V3JFA9GY6RBE5ZYH.JRTCKXETXF.6YS6EN2CT7,OnDemand,AWS Clean Rooms ML Custom Modeling- Compute,2025-03-01,0,Inf,hours,0.9220000000,USD,AWS Clean Rooms,AWSCleanRooms,US East (N. Virginia),AWS Region,USE1-TrainingInstanceHours-ML_M5_4XLARGE,CreateTrainedModel,,Training-ML_M5_4XLARGE,us-east-1,AWS Clean Rooms
V73CTDJ8N2B4EJJA,JRTCKXETXF,V73CTDJ8N2B4EJJA.JRTCKXETXF.6YS6EN2CT7,OnDemand,AWS Clean Rooms ML Custom Modeling- Compute,2025-03-01,0,Inf,hours,0.4080000000,USD,AWS Clean Rooms,AWSCleanRooms,US East (N. Virginia),AWS Region,USE1-InferenceInstanceHours-ML_C6I_2XLARGE,StartTrainedModelInferenceJob,,Inference-ML_C6I_2XLARGE,us-east-1,AWS Clean Rooms
VDAJ77SUE7H7W8ZH,JRTCKXETXF,VDAJ77SUE7H7W8ZH.JRTCKXETXF.6YS6EN2CT7,OnDemand,AWS Clean Rooms ML Custom Modeling- Compute,2025-03-01,0,Inf,hours,20.3600000000,USD,AWS Clean Rooms,AWSCleanRooms,US East (N. Virginia),AWS Region,USE1-InferenceInstanceHours-ML_G5_48XLARGE,StartTrainedModelInferenceJob,,Inference-ML_G5_48XLARGE,us-east-1,AWS Clean Rooms
VEU6GZVF8F4HHPV2,JRTCKXETXF,VEU6GZVF8F4HHPV2.JRTCKXETXF.6YS6EN2CT7,OnDemand,AWS Clean Rooms ML Custom Modeling- Compute,2025-03-01,0,Inf,hours,0.2040000000,USD,AWS Clean Rooms,AWSCleanRooms,US East (N. Virginia),AWS Region,USE1-TrainingInstanceHours-ML_C5_XLARGE,CreateTrainedModel,,Training-ML_C5_XLARGE,us-east-1,AWS Clean Rooms
VMMPKVVESYHK4J2A,JRTCKXETXF,VMMPKVVESYHK4J2A.JRTCKXETXF.6YS6EN2CT7,OnDemand,AWS Clean Rooms ML Custom Modeling- Compute,2025-03-01,0,Inf,hours,2.4480000000,USD,AWS Clean Rooms,AWSCleanRooms,US East (N. Virginia),AWS Region,USE1-TrainingInstanceHours-ML_C6I_12XLARGE,CreateTrainedModel,,Training-ML_C6I_12XLARGE,us-east-1,AWS Clean Rooms
VV57WCVWJG7VJGBQ,JRTCKXETXF,VV57WCVWJG7VJGBQ.JRTCKXETXF.6YS6EN2CT7,OnDemand,AWS Clean Rooms ML Custom Modeling- Compute,2025-03-01,0,Inf,hours,0.2040000000,USD,AWS Clean Rooms,AWSCleanRooms,US East (N. Virginia),AWS Region,USE1-TrainingInstanceHours-ML_C6I_XLARGE,CreateTrainedModel,,Training-ML_C6I_XLARGE,us-east-1,AWS Clean Rooms
W36M4VB3K56RB67N,JRTCKXETXF,W36M4VB3K56RB67N.JRTCKXETXF.6YS6EN2CT7,OnDemand,AWS Clean Rooms ML Custom Modeling- Compute,2025-03-01,0,Inf,hours,1.1250000000,USD,AWS Clean Rooms,AWSCleanRooms,US East (N. Virginia),AWS Region,USE1-TrainingInstanceHours-ML_P2_XLARGE,CreateTrainedModel,,Training-ML_P2_XLARGE,us-east-1,AWS Clean Rooms
W82X4Y67YHA5FPDR,JRTCKXETXF,W82X4Y67YHA5FPDR.JRTCKXETXF.6YS6EN2CT7,OnDemand,AWS Clean Rooms ML Custom Modeling- Compute,2025-03-01,0,Inf,hours,0.9600000000,USD,AWS Clean Rooms,AWSCleanRooms,US East (N. Virginia),AWS Region,USE1-TrainingInstanceHours-ML_M4_4XLARGE,CreateTrainedModel,,Training-ML_M4_4XLARGE,us-east-1,AWS Clean Rooms
WEE4R6N2XQPYNZ74,JRTCKXETXF,WEE4R6N2XQPYNZ74.JRTCKXETXF.6YS6EN2CT7,OnDemand,AWS Clean Rooms ML Custom Modeling- Compute,2025-03-01,0,Inf,hours,0.1150000000,USD,AWS Clean Rooms,AWSCleanRooms,US East (N. Virginia),AWS Region,USE1-InferenceInstanceHours-ML_M6I_LARGE,StartTrainedModelInferenceJob,,Inference-ML_M6I_LARGE,us-east-1,AWS Clean Rooms
WUYD7HPMP9MSX5DZ,JRTCKXETXF,WUYD7HPMP9MSX5DZ.JRTCKXETXF.6YS6EN2CT7,OnDemand,AWS Clean Rooms ML Custom Modeling- Compute,2025-03-01,0,Inf,hours,0.1020000000,USD,AWS Clean Rooms,AWSCleanRooms,US East (N. Virginia),AWS Region,USE1-InferenceInstanceHours-ML_C6I_LARGE,StartTrainedModelInferenceJob,,Inference-ML_C6I_LARGE,us-east-1,AWS Clean Rooms
WZR8HET6R6THZS8E,JRTCKXETXF,WZR8HET6R6THZS8E.JRTCKXETXF.6YS6EN2CT7,OnDemand,AWS Clean Rooms ML Custom Modeling- Compute,2025-03-01,0,Inf,hours,10.1800000000,USD,AWS Clean Rooms,AWSCleanRooms,US East (N. Virginia),AWS Region,USE1-TrainingInstanceHours-ML_G5_24XLARGE,CreateTrainedModel,,Training-ML_G5_24XLARGE,us-east-1,AWS Clean Rooms
X2NNNW4FB95NKDVN,JRTCKXETXF,X2NNNW4FB95NKDVN.JRTCKXETXF.6YS6EN2CT7,OnDemand,AWS Clean Rooms ML Custom Modeling- Compute,2025-03-01,0,Inf,hours,0.4840000000,USD,AWS Clean Rooms,AWSCleanRooms,US East (N. Virginia),AWS Region,USE1-InferenceInstanceHours-ML_M7I_2XLARGE,StartTrainedModelInferenceJob,,Inference-ML_M7I_2XLARGE,us-east-1,AWS Clean Rooms
XXWTPHQZCMFA9BGN,JRTCKXETXF,XXWTPHQZCMFA9BGN.JRTCKXETXF.6YS6EN2CT7,OnDemand,AWS Clean Rooms ML Custom Modeling- Compute,2025-03-01,0,Inf,hours,0.4080000000,USD,AWS Clean Rooms,AWSCleanRooms,US East (N. Virginia),AWS Region,USE1-TrainingInstanceHours-ML_C5_2XLARGE,CreateTrainedModel,,Training-ML_C5_2XLARGE,us-east-1,AWS Clean Rooms
YCUQFWAGQEPFBUC8,JRTCKXETXF,YCUQFWAGQEPFBUC8.JRTCKXETXF.6YS6EN2CT7,OnDemand,AWS Clean Rooms ML Custom Modeling- Compute,2025-03-01,0,Inf,hours,0.2300000000,USD,AWS Clean Rooms,AWSCleanRooms,US East (N. Virginia),AWS Region,USE1-InferenceInstanceHours-ML_M6I_XLARGE,StartTrainedModelInferenceJob,,Inference-ML_M6I_XLARGE,us-east-1,AWS Clean Rooms
YHK4JC75X8Y7MGDJ,JRTCKXETXF,YHK4JC75X8Y7MGDJ.JRTCKXETXF.6YS6EN2CT7,OnDemand,AWS Clean Rooms ML Custom Modeling- Compute,2025-03-01,0,Inf,hours,0.6910000000,USD,AWS Clean Rooms,AWSCleanRooms,US East (N. Virginia),AWS Region,USE1-TrainingInstanceHours-ML_R5D_2XLARGE,CreateTrainedModel,,Training-ML_R5D_2XLARGE,us-east-1,AWS Clean Rooms
YN9NYGACWDE7E4GT,JRTCKXETXF,YN9NYGACWDE7E4GT.JRTCKXETXF.6YS6EN2CT7,OnDemand,AWS Clean Rooms ML Custom Modeling- Compute,2025-03-01,0,Inf,hours,0.6050000000,USD,AWS Clean Rooms,AWSCleanRooms,US East (N. Virginia),AWS Region,USE1-TrainingInstanceHours-ML_R5_2XLARGE,CreateTrainedModel,,Training-ML_R5_2XLARGE,us-east-1,AWS Clean Rooms
YQVHZ33GBCSKT3PK,JRTCKXETXF,YQVHZ33GBCSKT3PK.JRTCKXETXF.6YS6EN2CT7,OnDemand,AWS Clean Rooms ML Custom Modeling- Compute,2025-03-01,0,Inf,hours,1.4080000000,USD,AWS Clean Rooms,AWSCleanRooms,US East (N. Virginia),AWS Region,USE1-TrainingInstanceHours-ML_G5_XLARGE,CreateTrainedModel,,Training-ML_G5_XLARGE,us-east-1,AWS Clean Rooms
YUDSAYTKW2TYFB72,JRTCKXETXF,YUDSAYTKW2TYFB72.JRTCKXETXF.6YS6EN2CT7,OnDemand,AWS Clean Rooms ML Custom Modeling- Compute,2025-03-01,0,Inf,hours,1.0370000000,USD,AWS Clean Rooms,AWSCleanRooms,US East (N. Virginia),AWS Region,USE1-TrainingInstanceHours-ML_C5N_4XLARGE,CreateTrainedModel,,Training-ML_C5N_4XLARGE,us-east-1,AWS Clean Rooms
Z57R5ADVEP8KFEPM,JRTCKXETXF,Z57R5ADVEP8KFEPM.JRTCKXETXF.6YS6EN2CT7,OnDemand,AWS Clean Rooms ML Custom Modeling- Compute,2025-03-01,0,Inf,hours,1.5150000000,USD,AWS Clean Rooms,AWSCleanRooms,US East (N. Virginia),AWS Region,USE1-InferenceInstanceHours-ML_G5_2XLARGE,StartTrainedModelInferenceJob,,Inference-ML_G5_2XLARGE,us-east-1,AWS Clean Rooms
Z5HKDRYMFVGJ6YCQ,JRTCKXETXF,Z5HKDRYMFVGJ6YCQ.JRTCKXETXF.6YS6EN2CT7,OnDemand,AWS Clean Rooms ML Custom Modeling- Compute,2025-03-01,0,Inf,hours,1.4080000000,USD,AWS Clean Rooms,AWSCleanRooms,US East (N. Virginia),AWS Region,USE1-InferenceInstanceHours-ML_G5_XLARGE,StartTrainedModelInferenceJob,,Inference-ML_G5_XLARGE,us-east-1,AWS Clean Rooms
ZH4G2B5M9H2TYK9H,JRTCKXETXF,ZH4G2B5M9H2TYK9H.JRTCKXETXF.6YS6EN2CT7,OnDemand,AWS Clean Rooms ML Custom Modeling- Compute,2025-03-01,0,Inf,hours,2.4480000000,USD,AWS Clean Rooms,AWSCleanRooms,US East (N. Virginia),AWS Region,USE1-InferenceInstanceHours-ML_C6I_12XLARGE,StartTrainedModelInferenceJob,,Inference-ML_C6I_12XLARGE,us-east-1,AWS Clean Rooms
ZH9DWK6JZ5DYGVKP,JRTCKXETXF,ZH9DWK6JZ5DYGVKP.JRTCKXETXF.6YS6EN2CT7,OnDemand,AWS Clean Rooms ML Custom Modeling- Compute,2025-03-01,0,Inf,hours,5.4400000000,USD,AWS Clean Rooms,AWSCleanRooms,US East (N. Virginia),AWS Region,USE1-InferenceInstanceHours-ML_G4DN_16XLARGE,StartTrainedModelInferenceJob,,Inference-ML_G4DN_16XLARGE,us-east-1,AWS Clean Rooms
ZJDRG3PRH7J4JD2V,JRTCKXETXF,ZJDRG3PRH7J4JD2V.JRTCKXETXF.6YS6EN2CT7,OnDemand,AWS Clean Rooms ML Custom Modeling- Compute,2025-03-01,0,Inf,hours,24.7300000000,USD,AWS Clean Rooms,AWSCleanRooms,US East (N. Virginia),AWS Region,USE1-TrainingInstanceHours-ML_TRN1_32XLARGE,CreateTrainedModel,,Training-ML_TRN1_32XLARGE,us-east-1,AWS Clean Rooms
ZPAN58JUY3WZMTS8,JRTCKXETXF,ZPAN58JUY3WZMTS8.JRTCKXETXF.6YS6EN2CT7,OnDemand,AWS Clean Rooms ML Custom Modeling- Compute,2025-03-01,0,Inf,hours,3.8250000000,USD,AWS Clean Rooms,AWSCleanRooms,US East (N. Virginia),AWS Region,USE1-TrainingInstanceHours-ML_P3_2XLARGE,CreateTrainedModel,,Training-ML_P3_2XLARGE,us-east-1,AWS Clean Rooms
ZVDZ6YZUXA44ZNDU,JRTCKXETXF,ZVDZ6YZUXA44ZNDU.JRTCKXETXF.6YS6EN2CT7,OnDemand,AWS Clean Rooms ML Custom Modeling- Compute,2025-03-01,0,Inf,hours,7.0900000000,USD,AWS Clean Rooms,AWSCleanRooms,US East (N. Virginia),AWS Region,USE1-InferenceInstanceHours-ML_G5_12XLARGE,StartTrainedModelInferenceJob,,Inference-ML_G5_12XLARGE,us-east-1,AWS Clean Rooms
