SKU,OfferTermCode,RateCode,TermType,PriceDescription,EffectiveDate,StartingRange,EndingRange,Unit,PricePerUnit,Currency,RelatedTo,Product Family,serviceCode,Location,Location Type,Instance Type,Current Generation,Instance Family,vCPU,Physical Processor,Clock Speed,Memory,Storage,Network Performance,Processor Architecture,Storage Media,Volume Type,Min Volume Size,Max Volume Size,usageType,operation,Availability Zone,Capacity Usage,Dedicated EBS Throughput,Enhanced Networking Supported,Processor Features,Region Code,serviceName,Type
2EFMHHCRBU5PU8U5,JRTCKXETXF,2EFMHHCRBU5PU8U5.JRTCKXETXF.6YS6EN2CT7,OnDemand,$0.6555 per DMS Serverless 4 DCU capacity Multi-AZ DCU hours,2025-03-01,0,Inf,DCU-Hr,0.6554755190,USD,,Replication Server,AWSDatabaseMigrationSvc,US East (N. Virginia),AWS Region,,,,,,,,,,,,,,,USE1-DMSServerlessRepMultiAZCapacityUsg:4,CreateDMSInstance,Multiple,4,,,,us-east-1,AWS Database Migration Service,Serverless
2GEVEDYFD5M5NYCF,JRTCKXETXF,2GEVEDYFD5M5NYCF.JRTCKXETXF.6YS6EN2CT7,OnDemand,$0.21 per On Demand DMS r4.large Instance Hour,2025-03-01,0,Inf,Hrs,0.2100000000,USD,,Replication Server,AWSDatabaseMigrationSvc,US East (N. Virginia),AWS Region,r4.large,Yes,Memory optimized,2,Intel Xeon E5-2686 v4 (Broadwell),2.3 GHz,15.25 GiB,EBS Only,Up to 10 Gigabit,64-bit,,,,,InstanceUsg:dms.r4.large,CreateDMSInstance,Single,,400 Mbps,Yes,Intel AVX,Intel AVX2,Intel Turbo,us-east-1,AWS Database Migration Service,
2P8QQ97RK39CVY94,JRTCKXETXF,2P8QQ97RK39CVY94.JRTCKXETXF.6YS6EN2CT7,OnDemand,$0.0819 per DMS Serverless 1 DCU capacity DCU hours,2025-03-01,0,Inf,DCU-Hr,0.0819344400,USD,,Replication Server,AWSDatabaseMigrationSvc,US East (N. Virginia),AWS Region,,,,,,,,,,,,,,,USE1-DMSServerlessRepCapacityUsg:1,CreateDMSInstance,Single,1,,,,us-east-1,AWS Database Migration Service,Serverless
3EBKHEY2K9XYDKXU,JRTCKXETXF,3EBKHEY2K9XYDKXU.JRTCKXETXF.6YS6EN2CT7,OnDemand,$0.476 per On Demand DMS c6i.2xlarge Instance Hour,2025-03-01,0,Inf,Hrs,0.4760000000,USD,,Replication Server,AWSDatabaseMigrationSvc,US East (N. Virginia),AWS Region,c6i.2xlarge,Yes,Compute optimized,8,Intel Xeon Platinum,3.0 Ghz,16 GiB,EBS Only,Up to 10 Gigabit,64-bit,,,,,InstanceUsg:dms.c6i.2xlarge,CreateDMSInstance,Single,,Upto 2250 Mbps,Yes,Intel AVX,Intel AVX2,Intel AVX512,Intel Turbo,us-east-1,AWS Database Migration Service,
3XQWK9DAVM83C7CW,JRTCKXETXF,3XQWK9DAVM83C7CW.JRTCKXETXF.6YS6EN2CT7,OnDemand,$7.21728 per On Demand DMS r5.8xlarge Multi-AZ Instance Hour,2025-03-01,0,Inf,Hrs,7.2172800000,USD,,Replication Server,AWSDatabaseMigrationSvc,US East (N. Virginia),AWS Region,r5.8xlarge,Yes,Memory optimized,32,Intel Xeon Platinum 8000,Up to 3.1 GHz,256 GiB,EBS Only,10 Gigabit,64-bit,,,,,Multi-AZUsg:dms.r5.8xlarge,CreateDMSInstance,Multiple,,N/A,Yes,N/A,us-east-1,AWS Database Migration Service,
3YVAASXNH2J27BV6,JRTCKXETXF,3YVAASXNH2J27BV6.JRTCKXETXF.6YS6EN2CT7,OnDemand,$7.616 per On Demand DMS c6i.16xlarge Multi-AZ Instance Hour,2025-03-01,0,Inf,Hrs,7.6160000000,USD,,Replication Server,AWSDatabaseMigrationSvc,US East (N. Virginia),AWS Region,c6i.16xlarge,Yes,Compute optimized,32,Intel Xeon Platinum,Up to 3.0 GHz,32 GiB,100 GB,Up to 10 Gigabit,64-bit,,,,,Multi-AZUsg:dms.c6i.16xlarge,CreateDMSInstance,Multiple,,Upto 2250 Mbps,Yes,Intel AVX,Intel AVX2,Intel AVX512,Intel Turbo,us-east-1,AWS Database Migration Service,
43VG2P3WQ557Z6FD,JRTCKXETXF,43VG2P3WQ557Z6FD.JRTCKXETXF.6YS6EN2CT7,OnDemand,$15.232 per On Demand DMS c6i.32xlarge Multi-AZ Instance Hour,2025-03-01,0,Inf,Hrs,15.2320000000,USD,,Replication Server,AWSDatabaseMigrationSvc,US East (N. Virginia),AWS Region,c6i.32xlarge,Yes,Compute optimized,128,Intel Xeon Platinum 8000,Up to 3.1 GHz,256 GiB,EBS Only,50 Gbps,64-bit,,,,,Multi-AZUsg:dms.c6i.32xlarge,CreateDMSInstance,Multiple,,40 Gbps,Yes,N/A,us-east-1,AWS Database Migration Service,
57K5P28972VJF9DZ,JRTCKXETXF,57K5P28972VJF9DZ.JRTCKXETXF.6YS6EN2CT7,OnDemand,$2.822 per On Demand DMS r5.4xlarge Multi-AZ Instance Hour,2025-03-01,0,Inf,Hrs,2.8220000000,USD,,Replication Server,AWSDatabaseMigrationSvc,US East (N. Virginia),AWS Region,r5.4xlarge,Yes,Memory optimized,16,Intel Xeon Platinum 8000,Up to 3.1 GHz,128 GiB,EBS Only,10 Gigabit,64-bit,,,,,Multi-AZUsg:dms.r5.4xlarge,CreateDMSInstance,Multiple,,N/A,Yes,N/A,us-east-1,AWS Database Migration Service,
5M53XAC6PKAYBKG5,JRTCKXETXF,5M53XAC6PKAYBKG5.JRTCKXETXF.6YS6EN2CT7,OnDemand,$10.82592 per On Demand DMS r6i.12xlarge Multi-AZ Instance Hour,2025-03-01,0,Inf,Hrs,10.8259200000,USD,,Replication Server,AWSDatabaseMigrationSvc,US East (N. Virginia),AWS Region,r6i.12xlarge,Yes,Memory optimized,48,Intel Xeon Platinum 8000,Up to 3.1 GHz,384 GiB,EBS Only,10 Gigabit,64-bit,,,,,Multi-AZUsg:dms.r6i.12xlarge,CreateDMSInstance,Multiple,,N/A,Yes,N/A,us-east-1,AWS Database Migration Service,
5SJA22NV2Z7ZSA49,JRTCKXETXF,5SJA22NV2Z7ZSA49.JRTCKXETXF.6YS6EN2CT7,OnDemand,$0.476 per On Demand DMS c6i.xlarge Multi-AZ Instance Hour,2025-03-01,0,Inf,Hrs,0.4760000000,USD,,Replication Server,AWSDatabaseMigrationSvc,US East (N. Virginia),AWS Region,c6i.xlarge,Yes,Compute optimized,4,Intel Xeon Platinum,3.0 Ghz,8 GiB,EBS Only,Up to 10 Gigabit,64-bit,,,,,Multi-AZUsg:dms.c6i.xlarge,CreateDMSInstance,Multiple,,Upto 2250 Mbps,Yes,Intel AVX,Intel AVX2,Intel AVX512,Intel Turbo,us-east-1,AWS Database Migration Service,
63DDJNJ9QDC995TC,JRTCKXETXF,63DDJNJ9QDC995TC.JRTCKXETXF.6YS6EN2CT7,OnDemand,$0.0372 per On Demand DMS t3.micro Multi-AZ Instance Hour,2025-03-01,0,Inf,Hrs,0.0372000000,USD,,Replication Server,AWSDatabaseMigrationSvc,US East (N. Virginia),AWS Region,t3.micro,Yes,General purpose,2,Intel Xeon Family,2.5 GHz,1 GiB,EBS Only,Low to Moderate,64-bit,,,,,Multi-AZUsg:dms.t3.micro,CreateDMSInstance,Multiple,,N/A,No,N/A,us-east-1,AWS Database Migration Service,
66K3392HXGV8VA94,JRTCKXETXF,66K3392HXGV8VA94.JRTCKXETXF.6YS6EN2CT7,OnDemand,$0.706 per On Demand DMS r6i.2xlarge Instance Hour,2025-03-01,0,Inf,Hrs,0.7060000000,USD,,Replication Server,AWSDatabaseMigrationSvc,US East (N. Virginia),AWS Region,r6i.2xlarge,Yes,Memory optimized,8,Intel Xeon Platinum 8000,Up to 3.1 GHz,64 GiB,EBS Only,10 Gigabit,64-bit,,,,,InstanceUsg:dms.r6i.2xlarge,CreateDMSInstance,Single,,N/A,Yes,N/A,us-east-1,AWS Database Migration Service,
6C9V98X23AWXWUMW,JRTCKXETXF,6C9V98X23AWXWUMW.JRTCKXETXF.6YS6EN2CT7,OnDemand,$0.0745 per On Demand DMS t3.medium Instance Hour,2025-03-01,0,Inf,Hrs,0.0745000000,USD,,Replication Server,AWSDatabaseMigrationSvc,US East (N. Virginia),AWS Region,t3.medium,Yes,General purpose,2,Intel Xeon Family,2.5 GHz,4 GiB,EBS Only,Low to Moderate,64-bit,,,,,InstanceUsg:dms.t3.medium,CreateDMSInstance,Single,,N/A,No,N/A,us-east-1,AWS Database Migration Service,
6N97MZSFXG2BJXPC,JRTCKXETXF,6N97MZSFXG2BJXPC.JRTCKXETXF.6YS6EN2CT7,OnDemand,$0.238 per On Demand DMS c6i.large Multi-AZ Instance Hour,2025-03-01,0,Inf,Hrs,0.2380000000,USD,,Replication Server,AWSDatabaseMigrationSvc,US East (N. Virginia),AWS Region,c6i.large,Yes,Compute optimized,2,Intel Xeon Platinum,3.0 Ghz,4 GiB,EBS Only,Up to 10 Gigabit,64-bit,,,,,Multi-AZUsg:dms.c6i.large,CreateDMSInstance,Multiple,,Upto 2250 Mbps,Yes,Intel AVX,Intel AVX2,Intel AVX512,Intel Turbo,us-east-1,AWS Database Migration Service,
6UX3Y9NVYGB9JDM6,JRTCKXETXF,6UX3Y9NVYGB9JDM6.JRTCKXETXF.6YS6EN2CT7,OnDemand,$0.82 per On Demand DMS r4.xlarge Multi-AZ Instance Hour,2025-03-01,0,Inf,Hrs,0.8200000000,USD,,Replication Server,AWSDatabaseMigrationSvc,US East (N. Virginia),AWS Region,r4.xlarge,Yes,Memory optimized,4,Intel Xeon E5-2686 v4 (Broadwell),2.3 GHz,30.5 GiB,EBS Only,Up to 10 Gigabit,64-bit,,,,,Multi-AZUsg:dms.r4.xlarge,CreateDMSInstance,Multiple,,800 Mbps,Yes,Intel AVX,Intel AVX2,Intel Turbo,us-east-1,AWS Database Migration Service,
7RUDDVJTVY42MD82,JRTCKXETXF,7RUDDVJTVY42MD82.JRTCKXETXF.6YS6EN2CT7,OnDemand,$0.706 per On Demand DMS r6i.xlarge Multi-AZ Instance Hour,2025-03-01,0,Inf,Hrs,0.7060000000,USD,,Replication Server,AWSDatabaseMigrationSvc,US East (N. Virginia),AWS Region,r6i.xlarge,Yes,Memory optimized,4,Intel Xeon Platinum 8000,Up to 3.1 GHz,32 GiB,EBS Only,10 Gigabit,64-bit,,,,,Multi-AZUsg:dms.r6i.xlarge,CreateDMSInstance,Multiple,,N/A,Yes,N/A,us-east-1,AWS Database Migration Service,
7XVFTXNMVW6HZ8RB,JRTCKXETXF,7XVFTXNMVW6HZ8RB.JRTCKXETXF.6YS6EN2CT7,OnDemand,$0.41 per On Demand DMS r4.xlarge Instance Hour,2025-03-01,0,Inf,Hrs,0.4100000000,USD,,Replication Server,AWSDatabaseMigrationSvc,US East (N. Virginia),AWS Region,r4.xlarge,Yes,Memory optimized,4,Intel Xeon E5-2686 v4 (Broadwell),2.3 GHz,30.5 GiB,EBS Only,Up to 10 Gigabit,64-bit,,,,,InstanceUsg:dms.r4.xlarge,CreateDMSInstance,Single,,800 Mbps,Yes,Intel AVX,Intel AVX2,Intel Turbo,us-east-1,AWS Database Migration Service,
7YR6PUC4JVKN448H,JRTCKXETXF,7YR6PUC4JVKN448H.JRTCKXETXF.6YS6EN2CT7,OnDemand,$14.6064 per On Demand DMS c5.24xlarge Multi-AZ Instance Hour,2025-03-01,0,Inf,Hrs,14.6064000000,USD,,Replication Server,AWSDatabaseMigrationSvc,US East (N. Virginia),AWS Region,c5.24xlarge,Yes,Compute optimized,32,Intel Xeon Platinum,Up to 3.0 GHz,32 GiB,100 GB,Up to 10 Gigabit,64-bit,,,,,Multi-AZUsg:dms.c5.24xlarge,CreateDMSInstance,Multiple,,Upto 2250 Mbps,Yes,Intel AVX,Intel AVX2,Intel AVX512,Intel Turbo,us-east-1,AWS Database Migration Service,
84YU3TK8VKYMXDXV,JRTCKXETXF,84YU3TK8VKYMXDXV.JRTCKXETXF.6YS6EN2CT7,OnDemand,$5.2438 per DMS Serverless 32 DCU capacity Multi-AZ DCU hours,2025-03-01,0,Inf,DCU-Hr,5.2438041520,USD,,Replication Server,AWSDatabaseMigrationSvc,US East (N. Virginia),AWS Region,,,,,,,,,,,,,,,USE1-DMSServerlessRepMultiAZCapacityUsg:32,CreateDMSInstance,Multiple,32,,,,us-east-1,AWS Database Migration Service,Serverless
8FRYXPQJNW3WM6H8,JRTCKXETXF,8FRYXPQJNW3WM6H8.JRTCKXETXF.6YS6EN2CT7,OnDemand,$0.952 per On Demand DMS c6i.4xlarge Instance Hour,2025-03-01,0,Inf,Hrs,0.9520000000,USD,,Replication Server,AWSDatabaseMigrationSvc,US East (N. Virginia),AWS Region,c6i.4xlarge,Yes,Compute optimized,16,Intel Xeon Platinum,3.0 Ghz,32 GiB,EBS Only,Up to 10 Gigabit,64-bit,,,,,InstanceUsg:dms.c6i.4xlarge,CreateDMSInstance,Single,,Upto 2250 Mbps,Yes,Intel AVX,Intel AVX2,Intel AVX512,Intel Turbo,us-east-1,AWS Database Migration Service,
8PPW9FTR8BW8THUY,JRTCKXETXF,8PPW9FTR8BW8THUY.JRTCKXETXF.6YS6EN2CT7,OnDemand,$0.3277 per DMS Serverless 2 DCU capacity Multi-AZ DCU hours,2025-03-01,0,Inf,DCU-Hr,0.3277377590,USD,,Replication Server,AWSDatabaseMigrationSvc,US East (N. Virginia),AWS Region,,,,,,,,,,,,,,,USE1-DMSServerlessRepMultiAZCapacityUsg:2,CreateDMSInstance,Multiple,2,,,,us-east-1,AWS Database Migration Service,Serverless
8YYKQJ8T5UQFUDCT,JRTCKXETXF,8YYKQJ8T5UQFUDCT.JRTCKXETXF.6YS6EN2CT7,OnDemand,$1.904 per On Demand DMS c6i.4xlarge Multi-AZ Instance Hour,2025-03-01,0,Inf,Hrs,1.9040000000,USD,,Replication Server,AWSDatabaseMigrationSvc,US East (N. Virginia),AWS Region,c6i.4xlarge,Yes,Compute optimized,16,Intel Xeon Platinum,3.0 Ghz,32 GiB,EBS Only,Up to 10 Gigabit,64-bit,,,,,Multi-AZUsg:dms.c6i.4xlarge,CreateDMSInstance,Multiple,,Upto 2250 Mbps,Yes,Intel AVX,Intel AVX2,Intel AVX512,Intel Turbo,us-east-1,AWS Database Migration Service,
97DE2UU4DPFEQF3F,JRTCKXETXF,97DE2UU4DPFEQF3F.JRTCKXETXF.6YS6EN2CT7,OnDemand,$0.476 per On Demand DMS c5.xlarge Multi-AZ Instance Hour,2025-03-01,0,Inf,Hrs,0.4760000000,USD,,Replication Server,AWSDatabaseMigrationSvc,US East (N. Virginia),AWS Region,c5.xlarge,Yes,Compute optimized,4,Intel Xeon Platinum,3.0 Ghz,8 GiB,EBS Only,Up to 10 Gigabit,64-bit,,,,,Multi-AZUsg:dms.c5.xlarge,CreateDMSInstance,Multiple,,Upto 2250 Mbps,Yes,Intel AVX,Intel AVX2,Intel AVX512,Intel Turbo,us-east-1,AWS Database Migration Service,
A4ZNUUFDM6FKQPTZ,JRTCKXETXF,A4ZNUUFDM6FKQPTZ.JRTCKXETXF.6YS6EN2CT7,OnDemand,$10.9548 per On Demand DMS c5.18xlarge Multi-AZ Instance Hour,2025-03-01,0,Inf,Hrs,10.9548000000,USD,,Replication Server,AWSDatabaseMigrationSvc,US East (N. Virginia),AWS Region,c5.18xlarge,Yes,Compute optimized,32,Intel Xeon Platinum,Up to 3.0 GHz,32 GiB,100 GB,Up to 10 Gigabit,64-bit,,,,,Multi-AZUsg:dms.c5.18xlarge,CreateDMSInstance,Multiple,,Upto 2250 Mbps,Yes,Intel AVX,Intel AVX2,Intel AVX512,Intel Turbo,us-east-1,AWS Database Migration Service,
AP7X7ZMZPP7YUTMA,JRTCKXETXF,AP7X7ZMZPP7YUTMA.JRTCKXETXF.6YS6EN2CT7,OnDemand,$1.234 per On Demand DMS c4.2xlarge Multi-AZ Instance Hour,2025-03-01,0,Inf,Hrs,1.2340000000,USD,,Replication Server,AWSDatabaseMigrationSvc,US East (N. Virginia),AWS Region,c4.2xlarge,Yes,General purpose,8,Intel Xeon E5-2666 v3 (Haswell),2.9 GHz,15 GiB,100 GB,High,64-bit,,,,,Multi-AZUsg:dms.c4.2xlarge,CreateDMSInstance,Multiple,,1000 Mbps,Yes,Intel AVX; Intel AVX2; Intel Turbo,us-east-1,AWS Database Migration Service,
B32BRSP623WDJRQS,JRTCKXETXF,B32BRSP623WDJRQS.JRTCKXETXF.6YS6EN2CT7,OnDemand,$7.3032 per On Demand DMS c6i.24xlarge Instance Hour,2025-03-01,0,Inf,Hrs,7.3032000000,USD,,Replication Server,AWSDatabaseMigrationSvc,US East (N. Virginia),AWS Region,c6i.24xlarge,Yes,Compute optimized,32,Intel Xeon Platinum,Up to 3.0 GHz,32 GiB,100 GB,Up to 10 Gigabit,64-bit,,,,,InstanceUsg:dms.c6i.24xlarge,CreateDMSInstance,Single,,Upto 2250 Mbps,Yes,Intel AVX,Intel AVX2,Intel AVX512,Intel Turbo,us-east-1,AWS Database Migration Service,
B8KJ5TXDY7AJ3FYR,JRTCKXETXF,B8KJ5TXDY7AJ3FYR.JRTCKXETXF.6YS6EN2CT7,OnDemand,$0.353 per On Demand DMS r6i.xlarge Instance Hour,2025-03-01,0,Inf,Hrs,0.3530000000,USD,,Replication Server,AWSDatabaseMigrationSvc,US East (N. Virginia),AWS Region,r6i.xlarge,Yes,Memory optimized,4,Intel Xeon Platinum 8000,Up to 3.1 GHz,32 GiB,EBS Only,10 Gigabit,64-bit,,,,,InstanceUsg:dms.r6i.xlarge,CreateDMSInstance,Single,,N/A,Yes,N/A,us-east-1,AWS Database Migration Service,
BC64DCJZ3XNCEMZX,JRTCKXETXF,BC64DCJZ3XNCEMZX.JRTCKXETXF.6YS6EN2CT7,OnDemand,$7.21728 per On Demand DMS r6i.16xlarge Instance Hour,2025-03-01,0,Inf,Hrs,7.2172800000,USD,,Replication Server,AWSDatabaseMigrationSvc,US East (N. Virginia),AWS Region,r6i.16xlarge,Yes,Memory optimized,64,Intel Xeon Platinum 8000,Up to 3.1 GHz,128 GiB,EBS Only,10 Gigabit,64-bit,,,,,InstanceUsg:dms.r6i.16xlarge,CreateDMSInstance,Single,,N/A,Yes,N/A,us-east-1,AWS Database Migration Service,
BNF9QSD4MVTGWU9W,JRTCKXETXF,BNF9QSD4MVTGWU9W.JRTCKXETXF.6YS6EN2CT7,OnDemand,$3.6516 per On Demand DMS c5.12xlarge Instance Hour,2025-03-01,0,Inf,Hrs,3.6516000000,USD,,Replication Server,AWSDatabaseMigrationSvc,US East (N. Virginia),AWS Region,c5.12xlarge,Yes,Compute optimized,32,Intel Xeon Platinum,Up to 3.0 GHz,32 GiB,100 GB,Up to 10 Gigabit,64-bit,,,,,InstanceUsg:dms.c5.12xlarge,CreateDMSInstance,Single,,Upto 2250 Mbps,Yes,Intel AVX,Intel AVX2,Intel AVX512,Intel Turbo,us-east-1,AWS Database Migration Service,
CCB2V6YZ6TKR5UXC,JRTCKXETXF,CCB2V6YZ6TKR5UXC.JRTCKXETXF.6YS6EN2CT7,OnDemand,$1.235 per On Demand DMS c4.4xlarge Instance Hour,2025-03-01,0,Inf,Hrs,1.2350000000,USD,,Replication Server,AWSDatabaseMigrationSvc,US East (N. Virginia),AWS Region,c4.4xlarge,Yes,General purpose,16,Intel Xeon E5-2666 v3 (Haswell),2.9 GHz,30 GiB,100 GB,High,64-bit,,,,,InstanceUsg:dms.c4.4xlarge,CreateDMSInstance,Single,,2000 Mbps,Yes,Intel AVX; Intel AVX2; Intel Turbo,us-east-1,AWS Database Migration Service,
CHXG4A7KA25WQ29K,JRTCKXETXF,CHXG4A7KA25WQ29K.JRTCKXETXF.6YS6EN2CT7,OnDemand,$41.9504 per DMS Serverless 256 DCU capacity Multi-AZ DCU hours,2025-03-01,0,Inf,DCU-Hr,41.9504332100,USD,,Replication Server,AWSDatabaseMigrationSvc,US East (N. Virginia),AWS Region,,,,,,,,,,,,,,,USE1-DMSServerlessRepMultiAZCapacityUsg:256,CreateDMSInstance,Multiple,256,,,,us-east-1,AWS Database Migration Service,Serverless
CPVN499A9YDY28WS,JRTCKXETXF,CPVN499A9YDY28WS.JRTCKXETXF.6YS6EN2CT7,OnDemand,$2.6219 per DMS Serverless 32 DCU capacity DCU hours,2025-03-01,0,Inf,DCU-Hr,2.6219020760,USD,,Replication Server,AWSDatabaseMigrationSvc,US East (N. Virginia),AWS Region,,,,,,,,,,,,,,,USE1-DMSServerlessRepCapacityUsg:32,CreateDMSInstance,Single,32,,,,us-east-1,AWS Database Migration Service,Serverless
CQZCTDJKCBCFUMGJ,JRTCKXETXF,CQZCTDJKCBCFUMGJ.JRTCKXETXF.6YS6EN2CT7,OnDemand,$0.353 per On Demand DMS r6i.large Multi-AZ Instance Hour,2025-03-01,0,Inf,Hrs,0.3530000000,USD,,Replication Server,AWSDatabaseMigrationSvc,US East (N. Virginia),AWS Region,r6i.large,Yes,Memory optimized,2,Intel Xeon Platinum 8000,Up to 3.1 GHz,16 GiB,EBS Only,10 Gigabit,64-bit,,,,,Multi-AZUsg:dms.r6i.large,CreateDMSInstance,Multiple,,N/A,Yes,N/A,us-east-1,AWS Database Migration Service,
CXGPRREB3RQ3ST2W,JRTCKXETXF,CXGPRREB3RQ3ST2W.JRTCKXETXF.6YS6EN2CT7,OnDemand,$0.1639 per DMS Serverless 1 DCU capacity Multi-AZ DCU hours,2025-03-01,0,Inf,DCU-Hr,0.1638688800,USD,,Replication Server,AWSDatabaseMigrationSvc,US East (N. Virginia),AWS Region,,,,,,,,,,,,,,,USE1-DMSServerlessRepMultiAZCapacityUsg:1,CreateDMSInstance,Multiple,1,,,,us-east-1,AWS Database Migration Service,Serverless
D64F2FUQN4ZW94NB,JRTCKXETXF,D64F2FUQN4ZW94NB.JRTCKXETXF.6YS6EN2CT7,OnDemand,$3.60864 per On Demand DMS r5.8xlarge Instance Hour,2025-03-01,0,Inf,Hrs,3.6086400000,USD,,Replication Server,AWSDatabaseMigrationSvc,US East (N. Virginia),AWS Region,r5.8xlarge,Yes,Memory optimized,32,Intel Xeon Platinum 8000,Up to 3.1 GHz,256 GiB,EBS Only,10 Gigabit,64-bit,,,,,InstanceUsg:dms.r5.8xlarge,CreateDMSInstance,Single,,N/A,Yes,N/A,us-east-1,AWS Database Migration Service,
D6JYZJJE9BNDGD3M,JRTCKXETXF,D6JYZJJE9BNDGD3M.JRTCKXETXF.6YS6EN2CT7,OnDemand,$0.036 per On Demand DMS t2.small Instance Hour,2025-03-01,0,Inf,Hrs,0.0360000000,USD,,Replication Server,AWSDatabaseMigrationSvc,US East (N. Virginia),AWS Region,t2.small,Yes,General purpose,1,Intel Xeon Family,Up to 3.3 GHz,2 GiB,50 GB,Low to Moderate,32-bit or 64-bit,,,,,InstanceUsg:dms.t2.small,CreateDMSInstance,Single,,N/A,No,Intel AVX; Intel Turbo,us-east-1,AWS Database Migration Service,
DRBZZVXJZPUF7VWH,JRTCKXETXF,DRBZZVXJZPUF7VWH.JRTCKXETXF.6YS6EN2CT7,OnDemand,$10.4876 per DMS Serverless 64 DCU capacity Multi-AZ DCU hours,2025-03-01,0,Inf,DCU-Hr,10.4876083000,USD,,Replication Server,AWSDatabaseMigrationSvc,US East (N. Virginia),AWS Region,,,,,,,,,,,,,,,USE1-DMSServerlessRepMultiAZCapacityUsg:64,CreateDMSInstance,Multiple,64,,,,us-east-1,AWS Database Migration Service,Serverless
DSJWRCE2TNT64G3Y,JRTCKXETXF,DSJWRCE2TNT64G3Y.JRTCKXETXF.6YS6EN2CT7,OnDemand,$15.7314 per DMS Serverless 192 DCU capacity DCU hours,2025-03-01,0,Inf,DCU-Hr,15.7314124500,USD,,Replication Server,AWSDatabaseMigrationSvc,US East (N. Virginia),AWS Region,,,,,,,,,,,,,,,USE1-DMSServerlessRepCapacityUsg:192,CreateDMSInstance,Single,192,,,,us-east-1,AWS Database Migration Service,Serverless
DVUZNFU377TA6FUR,JRTCKXETXF,DVUZNFU377TA6FUR.JRTCKXETXF.6YS6EN2CT7,OnDemand,$2.47 per On Demand DMS c4.4xlarge Multi-AZ Instance Hour,2025-03-01,0,Inf,Hrs,2.4700000000,USD,,Replication Server,AWSDatabaseMigrationSvc,US East (N. Virginia),AWS Region,c4.4xlarge,Yes,General purpose,16,Intel Xeon E5-2666 v3 (Haswell),2.9 GHz,30 GiB,100 GB,High,64-bit,,,,,Multi-AZUsg:dms.c4.4xlarge,CreateDMSInstance,Multiple,,2000 Mbps,Yes,Intel AVX; Intel AVX2; Intel Turbo,us-east-1,AWS Database Migration Service,
DX2D3CHSP4NXQKTP,JRTCKXETXF,DX2D3CHSP4NXQKTP.JRTCKXETXF.6YS6EN2CT7,OnDemand,$10.82592 per On Demand DMS r5.24xlarge Instance Hour,2025-03-01,0,Inf,Hrs,10.8259200000,USD,,Replication Server,AWSDatabaseMigrationSvc,US East (N. Virginia),AWS Region,r5.24xlarge,Yes,Compute optimized,48,Intel Xeon Platinum,Up to 3.0 GHz,384 GiB,100 GB,Up to 10 Gigabit,64-bit,,,,,InstanceUsg:dms.r5.24xlarge,CreateDMSInstance,Single,,Upto 2250 Mbps,Yes,Intel AVX,Intel AVX2,Intel AVX512,Intel Turbo,us-east-1,AWS Database Migration Service,
E3UR6XRHCFFPARWE,JRTCKXETXF,E3UR6XRHCFFPARWE.JRTCKXETXF.6YS6EN2CT7,OnDemand,$0.238 per On Demand DMS c6i.xlarge Instance Hour,2025-03-01,0,Inf,Hrs,0.2380000000,USD,,Replication Server,AWSDatabaseMigrationSvc,US East (N. Virginia),AWS Region,c6i.xlarge,Yes,Compute optimized,4,Intel Xeon Platinum,3.0 Ghz,8 GiB,EBS Only,Up to 10 Gigabit,64-bit,,,,,InstanceUsg:dms.c6i.xlarge,CreateDMSInstance,Single,,Upto 2250 Mbps,Yes,Intel AVX,Intel AVX2,Intel AVX512,Intel Turbo,us-east-1,AWS Database Migration Service,
EBEUZ9568X36FKK9,JRTCKXETXF,EBEUZ9568X36FKK9.JRTCKXETXF.6YS6EN2CT7,OnDemand,$0.1639 per DMS Serverless 2 DCU capacity DCU hours,2025-03-01,0,Inf,hours,0.1638688800,USD,,Replication Server,AWSDatabaseMigrationSvc,US East (N. Virginia),AWS Region,,,,,,,,,,,,,,,USE1-DMSServerlessRepCapacityUsg:2,CreateDMSInstance,Single,2,,,,us-east-1,AWS Database Migration Service,Serverless
EC88NB9BVQA5XBZH,JRTCKXETXF,EC88NB9BVQA5XBZH.JRTCKXETXF.6YS6EN2CT7,OnDemand,$1.904 per On Demand DMS c5.4xlarge Multi-AZ Instance Hour,2025-03-01,0,Inf,Hrs,1.9040000000,USD,,Replication Server,AWSDatabaseMigrationSvc,US East (N. Virginia),AWS Region,c5.4xlarge,Yes,Compute optimized,16,Intel Xeon Platinum,3.0 Ghz,32 GiB,EBS Only,Up to 10 Gigabit,64-bit,,,,,Multi-AZUsg:dms.c5.4xlarge,CreateDMSInstance,Multiple,,Upto 2250 Mbps,Yes,Intel AVX,Intel AVX2,Intel AVX512,Intel Turbo,us-east-1,AWS Database Migration Service,
ECYRNBABVZMFJEFS,JRTCKXETXF,ECYRNBABVZMFJEFS.JRTCKXETXF.6YS6EN2CT7,OnDemand,$3.30 per On Demand DMS r4.8xlarge Instance Hour,2025-03-01,0,Inf,Hrs,3.3000000000,USD,,Replication Server,AWSDatabaseMigrationSvc,US East (N. Virginia),AWS Region,r4.8xlarge,Yes,Memory optimized,32,Intel Xeon E5-2686 v4 (Broadwell),2.3 GHz,244 GiB,EBS Only,10 Gigabit,64-bit,,,,,InstanceUsg:dms.r4.8xlarge,CreateDMSInstance,Single,,6000 Mbps,Yes,Intel AVX,Intel AVX2,Intel Turbo,us-east-1,AWS Database Migration Service,
EDS9Q2CJVDYNMK2X,JRTCKXETXF,EDS9Q2CJVDYNMK2X.JRTCKXETXF.6YS6EN2CT7,OnDemand,$0.075 per vCPU-Hour of T3 CPU Credits,2025-03-01,0,Inf,vCPU-Hours,0.0750000000,USD,,Replication Server,AWSDatabaseMigrationSvc,US East (N. Virginia),AWS Region,t3,Yes,General purpose,2,Intel Xeon Family,2.5 GHz,1 GiB,EBS Only,Low to Moderate,64-bit,,,,,CPUCredits:dms.t3,CPUCredits,Multiple,,N/A,No,N/A,us-east-1,AWS Database Migration Service,
EKW57NUYZW6B5RFR,JRTCKXETXF,EKW57NUYZW6B5RFR.JRTCKXETXF.6YS6EN2CT7,OnDemand,$10.82592 per On Demand DMS r6i.24xlarge Instance Hour,2025-03-01,0,Inf,Hrs,10.8259200000,USD,,Replication Server,AWSDatabaseMigrationSvc,US East (N. Virginia),AWS Region,r6i.24xlarge,Yes,Compute optimized,48,Intel Xeon Platinum,Up to 3.0 GHz,384 GiB,100 GB,Up to 10 Gigabit,64-bit,,,,,InstanceUsg:dms.r6i.24xlarge,CreateDMSInstance,Single,,Upto 2250 Mbps,Yes,Intel AVX,Intel AVX2,Intel AVX512,Intel Turbo,us-east-1,AWS Database Migration Service,
EQXV8ZPE3YD42HZA,JRTCKXETXF,EQXV8ZPE3YD42HZA.JRTCKXETXF.6YS6EN2CT7,OnDemand,$1.904 per On Demand DMS c6i.8xlarge Instance Hour,2025-03-01,0,Inf,Hrs,1.9040000000,USD,,Replication Server,AWSDatabaseMigrationSvc,US East (N. Virginia),AWS Region,c6i.8xlarge,Yes,Compute optimized,32,Intel Xeon Platinum,Up to 3.0 GHz,64 GiB,100 GB,Up to 10 Gigabit,64-bit,,,,,InstanceUsg:dms.c6i.8xlarge,CreateDMSInstance,Single,,12000 Mbps,Yes,Intel AVX,Intel AVX2,Intel AVX512,Intel Turbo,us-east-1,AWS Database Migration Service,
ER6QH6UBA45C3D3X,JRTCKXETXF,ER6QH6UBA45C3D3X.JRTCKXETXF.6YS6EN2CT7,OnDemand,$1.411 per On Demand DMS r5.2xlarge Multi-AZ Instance Hour,2025-03-01,0,Inf,Hrs,1.4110000000,USD,,Replication Server,AWSDatabaseMigrationSvc,US East (N. Virginia),AWS Region,r5.2xlarge,Yes,Memory optimized,8,Intel Xeon Platinum 8000,Up to 3.1 GHz,64 GiB,EBS Only,10 Gigabit,64-bit,,,,,Multi-AZUsg:dms.r5.2xlarge,CreateDMSInstance,Multiple,,N/A,Yes,N/A,us-east-1,AWS Database Migration Service,
F8DQ77V7PDXMRK44,JRTCKXETXF,F8DQ77V7PDXMRK44.JRTCKXETXF.6YS6EN2CT7,OnDemand,$0.308 per On Demand DMS c4.large Multi-AZ Instance Hour,2025-03-01,0,Inf,Hrs,0.3080000000,USD,,Replication Server,AWSDatabaseMigrationSvc,US East (N. Virginia),AWS Region,c4.large,Yes,General purpose,2,Intel Xeon E5-2666 v3 (Haswell),2.9 GHz,3.75 GiB,100 GB,Moderate,64-bit,,,,,Multi-AZUsg:dms.c4.large,CreateDMSInstance,Multiple,,500 Mbps,Yes,Intel AVX; Intel AVX2; Intel Turbo,us-east-1,AWS Database Migration Service,
FNN5YW5AN3Y3E7BS,JRTCKXETXF,FNN5YW5AN3Y3E7BS.JRTCKXETXF.6YS6EN2CT7,OnDemand,$2.7387 per On Demand DMS c5.9xlarge Instance Hour,2025-03-01,0,Inf,Hrs,2.7387000000,USD,,Replication Server,AWSDatabaseMigrationSvc,US East (N. Virginia),AWS Region,c5.9xlarge,Yes,Compute optimized,32,Intel Xeon Platinum,Up to 3.0 GHz,4 GiB,100 GB,Up to 10 Gigabit,64-bit,,,,,InstanceUsg:dms.c5.9xlarge,CreateDMSInstance,Single,,Upto 2250 Mbps,Yes,Intel AVX,Intel AVX2,Intel AVX512,Intel Turbo,us-east-1,AWS Database Migration Service,
G39KGYRUJFKCG9JH,JRTCKXETXF,G39KGYRUJFKCG9JH.JRTCKXETXF.6YS6EN2CT7,OnDemand,$0.706 per On Demand DMS r5.2xlarge Instance Hour,2025-03-01,0,Inf,Hrs,0.7060000000,USD,,Replication Server,AWSDatabaseMigrationSvc,US East (N. Virginia),AWS Region,r5.2xlarge,Yes,Memory optimized,8,Intel Xeon Platinum 8000,Up to 3.1 GHz,64 GiB,EBS Only,10 Gigabit,64-bit,,,,,InstanceUsg:dms.r5.2xlarge,CreateDMSInstance,Single,,N/A,Yes,N/A,us-east-1,AWS Database Migration Service,
G5J8G26QYN8ZRNHT,JRTCKXETXF,G5J8G26QYN8ZRNHT.JRTCKXETXF.6YS6EN2CT7,OnDemand,$21.65184 per On Demand DMS r5.24xlarge Multi-AZ Instance Hour,2025-03-01,0,Inf,Hrs,21.6518400000,USD,,Replication Server,AWSDatabaseMigrationSvc,US East (N. Virginia),AWS Region,r5.24xlarge,Yes,Compute optimized,48,Intel Xeon Platinum,Up to 3.0 GHz,384 GiB,100 GB,Up to 10 Gigabit,64-bit,,,,,Multi-AZUsg:dms.r5.24xlarge,CreateDMSInstance,Multiple,,Upto 2250 Mbps,Yes,Intel AVX,Intel AVX2,Intel AVX512,Intel Turbo,us-east-1,AWS Database Migration Service,
G98N75M2FMG3645H,JRTCKXETXF,G98N75M2FMG3645H.JRTCKXETXF.6YS6EN2CT7,OnDemand,$0.018 per On Demand DMS t2.micro Instance Hour,2025-03-01,0,Inf,Hrs,0.0180000000,USD,KCGUBBS9FB9SVQQF,Replication Server,AWSDatabaseMigrationSvc,US East (N. Virginia),AWS Region,t2.micro,Yes,General purpose,1,Intel Xeon Family,Up to 3.3 GHz,1 GiB,50 GB,Low to Moderate,32-bit or 64-bit,,,,,InstanceUsg:dms.t2.micro,CreateDMSInstance,Single,,N/A,No,Intel AVX; Intel Turbo,us-east-1,AWS Database Migration Service,
GEEFZEJ3WSW2DYUS,JRTCKXETXF,GEEFZEJ3WSW2DYUS.JRTCKXETXF.6YS6EN2CT7,OnDemand,$0.149 per On Demand DMS t3.medium Multi-AZ Instance Hour,2025-03-01,0,Inf,Hrs,0.1490000000,USD,,Replication Server,AWSDatabaseMigrationSvc,US East (N. Virginia),AWS Region,t3.medium,Yes,General purpose,2,Intel Xeon Family,2.5 GHz,4 GiB,EBS Only,Low to Moderate,64-bit,,,,,Multi-AZUsg:dms.t3.medium,CreateDMSInstance,Multiple,,N/A,No,N/A,us-east-1,AWS Database Migration Service,
GHSWCRX5DM7CBUHR,JRTCKXETXF,GHSWCRX5DM7CBUHR.JRTCKXETXF.6YS6EN2CT7,OnDemand,$0.23 per GB-month of provisioned GP2 storage for Multi-AZ deployments,2025-03-01,0,Inf,GB-Mo,0.2300000000,USD,,Replication Storage,AWSDatabaseMigrationSvc,US East (N. Virginia),AWS Region,,,,,,,,,,,SSD,General Purpose,50 GB,6 TB,DMS:Multi-AZ-GP2-Storage,CreateDMSInstance,Multiple,,,,,us-east-1,AWS Database Migration Service,
GHUKJ2UD6KPRQ2KW,JRTCKXETXF,GHUKJ2UD6KPRQ2KW.JRTCKXETXF.6YS6EN2CT7,OnDemand,$0.617 per On Demand DMS c4.2xlarge Instance Hour,2025-03-01,0,Inf,Hrs,0.6170000000,USD,,Replication Server,AWSDatabaseMigrationSvc,US East (N. Virginia),AWS Region,c4.2xlarge,Yes,General purpose,8,Intel Xeon E5-2666 v3 (Haswell),2.9 GHz,15 GiB,100 GB,High,64-bit,,,,,InstanceUsg:dms.c4.2xlarge,CreateDMSInstance,Single,,1000 Mbps,Yes,Intel AVX; Intel AVX2; Intel Turbo,us-east-1,AWS Database Migration Service,
GY3PWETP4RR9HFBR,JRTCKXETXF,GY3PWETP4RR9HFBR.JRTCKXETXF.6YS6EN2CT7,OnDemand,$62.9256 per DMS Serverless 384 DCU capacity Multi-AZ DCU hours,2025-03-01,0,Inf,DCU-Hr,62.9256498200,USD,,Replication Server,AWSDatabaseMigrationSvc,US East (N. Virginia),AWS Region,,,,,,,,,,,,,,,USE1-DMSServerlessRepMultiAZCapacityUsg:384,CreateDMSInstance,Multiple,384,,,,us-east-1,AWS Database Migration Service,Serverless
GZXY39NG22ERQVDN,JRTCKXETXF,GZXY39NG22ERQVDN.JRTCKXETXF.6YS6EN2CT7,OnDemand,$7.3032 per On Demand DMS c5.12xlarge Multi-AZ Instance Hour,2025-03-01,0,Inf,Hrs,7.3032000000,USD,,Replication Server,AWSDatabaseMigrationSvc,US East (N. Virginia),AWS Region,c5.12xlarge,Yes,Compute optimized,32,Intel Xeon Platinum,Up to 3.0 GHz,32 GiB,100 GB,Up to 10 Gigabit,64-bit,,,,,Multi-AZUsg:dms.c5.12xlarge,CreateDMSInstance,Multiple,,Upto 2250 Mbps,Yes,Intel AVX,Intel AVX2,Intel AVX512,Intel Turbo,us-east-1,AWS Database Migration Service,
H4P6FQXJ86JDHG46,JRTCKXETXF,H4P6FQXJ86JDHG46.JRTCKXETXF.6YS6EN2CT7,OnDemand,$0.238 per On Demand DMS c5.xlarge Instance Hour,2025-03-01,0,Inf,Hrs,0.2380000000,USD,,Replication Server,AWSDatabaseMigrationSvc,US East (N. Virginia),AWS Region,c5.xlarge,Yes,Compute optimized,4,Intel Xeon Platinum,3.0 Ghz,8 GiB,EBS Only,Up to 10 Gigabit,64-bit,,,,,InstanceUsg:dms.c5.xlarge,CreateDMSInstance,Single,,Upto 2250 Mbps,Yes,Intel AVX,Intel AVX2,Intel AVX512,Intel Turbo,us-east-1,AWS Database Migration Service,
H7ASUNWVBVFUC4U9,JRTCKXETXF,H7ASUNWVBVFUC4U9.JRTCKXETXF.6YS6EN2CT7,OnDemand,$14.6064 per On Demand DMS c6i.24xlarge Multi-AZ Instance Hour,2025-03-01,0,Inf,Hrs,14.6064000000,USD,,Replication Server,AWSDatabaseMigrationSvc,US East (N. Virginia),AWS Region,c6i.24xlarge,Yes,Compute optimized,32,Intel Xeon Platinum,Up to 3.0 GHz,32 GiB,100 GB,Up to 10 Gigabit,64-bit,,,,,Multi-AZUsg:dms.c6i.24xlarge,CreateDMSInstance,Multiple,,Upto 2250 Mbps,Yes,Intel AVX,Intel AVX2,Intel AVX512,Intel Turbo,us-east-1,AWS Database Migration Service,
H9ZWH3VRPRY8W44F,JRTCKXETXF,H9ZWH3VRPRY8W44F.JRTCKXETXF.6YS6EN2CT7,OnDemand,$0.82 per On Demand DMS r4.2xlarge Instance Hour,2025-03-01,0,Inf,Hrs,0.8200000000,USD,,Replication Server,AWSDatabaseMigrationSvc,US East (N. Virginia),AWS Region,r4.2xlarge,Yes,Memory optimized,8,Intel Xeon E5-2686 v4 (Broadwell),2.3 GHz,61 GiB,EBS Only,Up to 10 Gigabit,64-bit,,,,,InstanceUsg:dms.r4.2xlarge,CreateDMSInstance,Single,,1600 Mbps,Yes,Intel AVX,Intel AVX2,Intel Turbo,us-east-1,AWS Database Migration Service,
HCMVKYT66GW926EC,JRTCKXETXF,HCMVKYT66GW926EC.JRTCKXETXF.6YS6EN2CT7,OnDemand,$14.43456 per On Demand DMS r6i.32xlarge Instance Hour,2025-03-01,0,Inf,Hrs,14.4345600000,USD,,Replication Server,AWSDatabaseMigrationSvc,US East (N. Virginia),AWS Region,r6i.32xlarge,Yes,Memory optimized,128,Intel Xeon Platinum 8000,Up to 3.1 GHz,1024 GiB,EBS Only,50 Gbps,64-bit,,,,,InstanceUsg:dms.r6i.32xlarge,CreateDMSInstance,Single,,40 Gbps,Yes,N/A,us-east-1,AWS Database Migration Service,
HJWRX6XY5RTP4K5T,JRTCKXETXF,HJWRX6XY5RTP4K5T.JRTCKXETXF.6YS6EN2CT7,OnDemand,$0.238 per On Demand DMS c5.large Multi-AZ Instance Hour,2025-03-01,0,Inf,Hrs,0.2380000000,USD,,Replication Server,AWSDatabaseMigrationSvc,US East (N. Virginia),AWS Region,c5.large,Yes,Compute optimized,2,Intel Xeon Platinum,3.0 Ghz,4 GiB,EBS Only,Up to 10 Gigabit,64-bit,,,,,Multi-AZUsg:dms.c5.large,CreateDMSInstance,Multiple,,Upto 2250 Mbps,Yes,Intel AVX,Intel AVX2,Intel AVX512,Intel Turbo,us-east-1,AWS Database Migration Service,
J2FZQX92AREH5JJJ,JRTCKXETXF,J2FZQX92AREH5JJJ.JRTCKXETXF.6YS6EN2CT7,OnDemand,$0.09 per hour for Data Migrations in US East (N. Virginia),2025-03-01,0,Inf,hours,0.0900000000,USD,,Replication Server,AWSDatabaseMigrationSvc,US East (N. Virginia),Other,,,,,,,,,,,,,,,USE1-Data-Migrations,start-data-migration,,,,,,us-east-1,AWS Database Migration Service,Native DB Migrations
JHMANRH2HJRBGXR4,JRTCKXETXF,JHMANRH2HJRBGXR4.JRTCKXETXF.6YS6EN2CT7,OnDemand,$5.2438 per DMS Serverless 64 DCU capacity DCU hours,2025-03-01,0,Inf,DCU-Hr,5.2438041520,USD,,Replication Server,AWSDatabaseMigrationSvc,US East (N. Virginia),AWS Region,,,,,,,,,,,,,,,USE1-DMSServerlessRepCapacityUsg:64,CreateDMSInstance,Single,64,,,,us-east-1,AWS Database Migration Service,Serverless
JQ44DN6P5BTC96UN,JRTCKXETXF,JQ44DN6P5BTC96UN.JRTCKXETXF.6YS6EN2CT7,OnDemand,$0.036 per On Demand DMS t2.micro Multi-AZ Instance Hour,2025-03-01,0,Inf,Hrs,0.0360000000,USD,,Replication Server,AWSDatabaseMigrationSvc,US East (N. Virginia),AWS Region,t2.micro,Yes,General purpose,1,Intel Xeon Family,Up to 3.3 GHz,1 GiB,50 GB,Low to Moderate,32-bit or 64-bit,,,,,Multi-AZUsg:dms.t2.micro,CreateDMSInstance,Multiple,,N/A,No,Intel AVX; Intel Turbo,us-east-1,AWS Database Migration Service,
JUE43VFFHPR86669,JRTCKXETXF,JUE43VFFHPR86669.JRTCKXETXF.6YS6EN2CT7,OnDemand,$0.0372 per On Demand DMS t3.small Instance Hour,2025-03-01,0,Inf,Hrs,0.0372000000,USD,,Replication Server,AWSDatabaseMigrationSvc,US East (N. Virginia),AWS Region,t3.small,Yes,General purpose,2,Intel Xeon Family,2.5 GHz,2 GiB,EBS Only,Low to Moderate,64-bit,,,,,InstanceUsg:dms.t3.small,CreateDMSInstance,Single,,N/A,No,N/A,us-east-1,AWS Database Migration Service,
JZKBGFAQHUZQJ4VE,JRTCKXETXF,JZKBGFAQHUZQJ4VE.JRTCKXETXF.6YS6EN2CT7,OnDemand,$0.952 per On Demand DMS c5.4xlarge Instance Hour,2025-03-01,0,Inf,Hrs,0.9520000000,USD,,Replication Server,AWSDatabaseMigrationSvc,US East (N. Virginia),AWS Region,c5.4xlarge,Yes,Compute optimized,16,Intel Xeon Platinum,3.0 Ghz,32 GiB,EBS Only,Up to 10 Gigabit,64-bit,,,,,InstanceUsg:dms.c5.4xlarge,CreateDMSInstance,Single,,Upto 2250 Mbps,Yes,Intel AVX,Intel AVX2,Intel AVX512,Intel Turbo,us-east-1,AWS Database Migration Service,
JZNM7RCQBUXWD3BV,JRTCKXETXF,JZNM7RCQBUXWD3BV.JRTCKXETXF.6YS6EN2CT7,OnDemand,$21.65184 per On Demand DMS r6i.24xlarge Multi-AZ Instance Hour,2025-03-01,0,Inf,Hrs,21.6518400000,USD,,Replication Server,AWSDatabaseMigrationSvc,US East (N. Virginia),AWS Region,r6i.24xlarge,Yes,Compute optimized,48,Intel Xeon Platinum,Up to 3.0 GHz,384 GiB,100 GB,Up to 10 Gigabit,64-bit,,,,,Multi-AZUsg:dms.r6i.24xlarge,CreateDMSInstance,Multiple,,Upto 2250 Mbps,Yes,Intel AVX,Intel AVX2,Intel AVX512,Intel Turbo,us-east-1,AWS Database Migration Service,
K3E43GVWUT47TAYX,JRTCKXETXF,K3E43GVWUT47TAYX.JRTCKXETXF.6YS6EN2CT7,OnDemand,$7.616 per On Demand DMS c6i.32xlarge Instance Hour,2025-03-01,0,Inf,Hrs,7.6160000000,USD,,Replication Server,AWSDatabaseMigrationSvc,US East (N. Virginia),AWS Region,c6i.32xlarge,Yes,Compute optimized,128,Intel Xeon Platinum 8000,Up to 3.1 GHz,256 GiB,EBS Only,50 Gbps,64-bit,,,,,InstanceUsg:dms.c6i.32xlarge,CreateDMSInstance,Single,,40 Gbps,Yes,N/A,us-east-1,AWS Database Migration Service,
K5DJMAJ3HCKDYUFZ,JRTCKXETXF,K5DJMAJ3HCKDYUFZ.JRTCKXETXF.6YS6EN2CT7,OnDemand,$0.072 per On Demand DMS t2.small Multi-AZ Instance Hour,2025-03-01,0,Inf,Hrs,0.0720000000,USD,,Replication Server,AWSDatabaseMigrationSvc,US East (N. Virginia),AWS Region,t2.small,Yes,General purpose,1,Intel Xeon Family,Up to 3.3 GHz,2 GiB,50 GB,Low to Moderate,32-bit or 64-bit,,,,,Multi-AZUsg:dms.t2.small,CreateDMSInstance,Multiple,,N/A,No,Intel AVX; Intel Turbo,us-east-1,AWS Database Migration Service,
KBWXVKV9VTGG4D58,JRTCKXETXF,KBWXVKV9VTGG4D58.JRTCKXETXF.6YS6EN2CT7,OnDemand,$7.3032 per On Demand DMS c6i.12xlarge Multi-AZ Instance Hour,2025-03-01,0,Inf,Hrs,7.3032000000,USD,,Replication Server,AWSDatabaseMigrationSvc,US East (N. Virginia),AWS Region,c6i.12xlarge,Yes,Compute optimized,32,Intel Xeon Platinum,Up to 3.0 GHz,32 GiB,100 GB,Up to 10 Gigabit,64-bit,,,,,Multi-AZUsg:dms.c6i.12xlarge,CreateDMSInstance,Multiple,,Upto 2250 Mbps,Yes,Intel AVX,Intel AVX2,Intel AVX512,Intel Turbo,us-east-1,AWS Database Migration Service,
KCGUBBS9FB9SVQQF,A429C66SYZ,KCGUBBS9FB9SVQQF.A429C66SYZ.TKQXKGP374,OnDemand,Global,2025-03-01,0,750,Hrs,0.0000000000,USD,,Replication Server,AWSDatabaseMigrationSvc,Any,AWS Region,t2.micro,Yes,General purpose,1,Intel Xeon Family,Up to 3.3 GHz,1 GiB,50 GB,Low to Moderate,32-bit or 64-bit,,,,,Global-InstanceUsg:dms.t2.micro,CreateDMSInstance,Single,,N/A,No,Intel AVX; Intel Turbo,,AWS Database Migration Service,
KH3H36P8TRE69TJU,JRTCKXETXF,KH3H36P8TRE69TJU.JRTCKXETXF.6YS6EN2CT7,OnDemand,$31.4628 per DMS Serverless 192 DCU capacity Multi-AZ DCU hours,2025-03-01,0,Inf,DCU-Hr,31.4628249100,USD,,Replication Server,AWSDatabaseMigrationSvc,US East (N. Virginia),AWS Region,,,,,,,,,,,,,,,USE1-DMSServerlessRepMultiAZCapacityUsg:192,CreateDMSInstance,Multiple,192,,,,us-east-1,AWS Database Migration Service,Serverless
KJ2EXY92RVTKXA9B,JRTCKXETXF,KJ2EXY92RVTKXA9B.JRTCKXETXF.6YS6EN2CT7,OnDemand,$3.6516 per On Demand DMS c6i.12xlarge Instance Hour,2025-03-01,0,Inf,Hrs,3.6516000000,USD,,Replication Server,AWSDatabaseMigrationSvc,US East (N. Virginia),AWS Region,c6i.12xlarge,Yes,Compute optimized,32,Intel Xeon Platinum,Up to 3.0 GHz,32 GiB,100 GB,Up to 10 Gigabit,64-bit,,,,,InstanceUsg:dms.c6i.12xlarge,CreateDMSInstance,Single,,Upto 2250 Mbps,Yes,Intel AVX,Intel AVX2,Intel AVX512,Intel Turbo,us-east-1,AWS Database Migration Service,
KQCSUPNRUT6W39RN,JRTCKXETXF,KQCSUPNRUT6W39RN.JRTCKXETXF.6YS6EN2CT7,OnDemand,$31.4628 per DMS Serverless 384 DCU capacity DCU hours,2025-03-01,0,Inf,DCU-Hr,31.4628249100,USD,,Replication Server,AWSDatabaseMigrationSvc,US East (N. Virginia),AWS Region,,,,,,,,,,,,,,,USE1-DMSServerlessRepCapacityUsg:384,CreateDMSInstance,Single,384,,,,us-east-1,AWS Database Migration Service,Serverless
KTW5PXVXBGBC2ZXU,JRTCKXETXF,KTW5PXVXBGBC2ZXU.JRTCKXETXF.6YS6EN2CT7,OnDemand,$0.353 per On Demand DMS r5.xlarge Instance Hour,2025-03-01,0,Inf,Hrs,0.3530000000,USD,,Replication Server,AWSDatabaseMigrationSvc,US East (N. Virginia),AWS Region,r5.xlarge,Yes,Memory optimized,4,Intel Xeon Platinum 8000,Up to 3.1 GHz,32 GiB,EBS Only,10 Gigabit,64-bit,,,,,InstanceUsg:dms.r5.xlarge,CreateDMSInstance,Single,,N/A,Yes,N/A,us-east-1,AWS Database Migration Service,
M4GPW2XBP3223DAG,JRTCKXETXF,M4GPW2XBP3223DAG.JRTCKXETXF.6YS6EN2CT7,OnDemand,$7.21728 per On Demand DMS r6i.8xlarge Multi-AZ Instance Hour,2025-03-01,0,Inf,Hrs,7.2172800000,USD,,Replication Server,AWSDatabaseMigrationSvc,US East (N. Virginia),AWS Region,r6i.8xlarge,Yes,Memory optimized,32,Intel Xeon Platinum 8000,Up to 3.1 GHz,128 GiB,EBS Only,10 Gigabit,64-bit,,,,,Multi-AZUsg:dms.r6i.8xlarge,CreateDMSInstance,Multiple,,N/A,Yes,N/A,us-east-1,AWS Database Migration Service,
M87W9TCMXEU3V88N,JRTCKXETXF,M87W9TCMXEU3V88N.JRTCKXETXF.6YS6EN2CT7,OnDemand,$0.176 per On Demand DMS r6i.large Instance Hour,2025-03-01,0,Inf,Hrs,0.1760000000,USD,,Replication Server,AWSDatabaseMigrationSvc,US East (N. Virginia),AWS Region,r6i.large,Yes,Memory optimized,2,Intel Xeon Platinum 8000,Up to 3.1 GHz,16 GiB,EBS Only,10 Gigabit,64-bit,,,,,InstanceUsg:dms.r6i.large,CreateDMSInstance,Single,,N/A,Yes,N/A,us-east-1,AWS Database Migration Service,
MJ49KZGSUTCHSNV5,JRTCKXETXF,MJ49KZGSUTCHSNV5.JRTCKXETXF.6YS6EN2CT7,OnDemand,$0.0186 per On Demand DMS t3.micro Instance Hour,2025-03-01,0,Inf,Hrs,0.0186000000,USD,WNWC54TYXU97TDF6,Replication Server,AWSDatabaseMigrationSvc,US East (N. Virginia),AWS Region,t3.micro,Yes,General purpose,2,Intel Xeon Family,2.5 GHz,1 GiB,EBS Only,Low to Moderate,64-bit,,,,,InstanceUsg:dms.t3.micro,CreateDMSInstance,Single,,N/A,No,N/A,us-east-1,AWS Database Migration Service,
MX3F7TX7A2TMB847,JRTCKXETXF,MX3F7TX7A2TMB847.JRTCKXETXF.6YS6EN2CT7,OnDemand,$0.706 per On Demand DMS r5.xlarge Multi-AZ Instance Hour,2025-03-01,0,Inf,Hrs,0.7060000000,USD,,Replication Server,AWSDatabaseMigrationSvc,US East (N. Virginia),AWS Region,r5.xlarge,Yes,Memory optimized,4,Intel Xeon Platinum 8000,Up to 3.1 GHz,32 GiB,EBS Only,10 Gigabit,64-bit,,,,,Multi-AZUsg:dms.r5.xlarge,CreateDMSInstance,Multiple,,N/A,Yes,N/A,us-east-1,AWS Database Migration Service,
MZGHFRYZXNJDZWGQ,JRTCKXETXF,MZGHFRYZXNJDZWGQ.JRTCKXETXF.6YS6EN2CT7,OnDemand,$0.308 per On Demand DMS c4.xlarge Instance Hour,2025-03-01,0,Inf,Hrs,0.3080000000,USD,,Replication Server,AWSDatabaseMigrationSvc,US East (N. Virginia),AWS Region,c4.xlarge,Yes,General purpose,4,Intel Xeon E5-2666 v3 (Haswell),2.9 GHz,7.5 GiB,100 GB,High,64-bit,,,,,InstanceUsg:dms.c4.xlarge,CreateDMSInstance,Single,,750 Mbps,Yes,Intel AVX; Intel AVX2; Intel Turbo,us-east-1,AWS Database Migration Service,
N2D7KKRFCEB9FVMW,JRTCKXETXF,N2D7KKRFCEB9FVMW.JRTCKXETXF.6YS6EN2CT7,OnDemand,$14.43456 per On Demand DMS r6i.16xlarge Multi-AZ Instance Hour,2025-03-01,0,Inf,Hrs,14.4345600000,USD,,Replication Server,AWSDatabaseMigrationSvc,US East (N. Virginia),AWS Region,r6i.16xlarge,Yes,Memory optimized,64,Intel Xeon Platinum 8000,Up to 3.1 GHz,128 GiB,EBS Only,10 Gigabit,64-bit,,,,,Multi-AZUsg:dms.r6i.16xlarge,CreateDMSInstance,Multiple,,N/A,Yes,N/A,us-east-1,AWS Database Migration Service,
N9XAPDGPC2F5BDPV,JRTCKXETXF,N9XAPDGPC2F5BDPV.JRTCKXETXF.6YS6EN2CT7,OnDemand,$10.4876 per DMS Serverless 128 DCU capacity DCU hours,2025-03-01,0,Inf,DCU-Hr,10.4876083000,USD,,Replication Server,AWSDatabaseMigrationSvc,US East (N. Virginia),AWS Region,,,,,,,,,,,,,,,USE1-DMSServerlessRepCapacityUsg:128,CreateDMSInstance,Single,128,,,,us-east-1,AWS Database Migration Service,Serverless
NC4KJTWZBCWNEWJA,JRTCKXETXF,NC4KJTWZBCWNEWJA.JRTCKXETXF.6YS6EN2CT7,OnDemand,$1.65 per On Demand DMS r4.2xlarge Multi-AZ Instance Hour,2025-03-01,0,Inf,Hrs,1.6500000000,USD,,Replication Server,AWSDatabaseMigrationSvc,US East (N. Virginia),AWS Region,r4.2xlarge,Yes,Memory optimized,8,Intel Xeon E5-2686 v4 (Broadwell),2.3 GHz,61 GiB,EBS Only,Up to 10 Gigabit,64-bit,,,,,Multi-AZUsg:dms.r4.2xlarge,CreateDMSInstance,Multiple,,1600 Mbps,Yes,Intel AVX,Intel AVX2,Intel Turbo,us-east-1,AWS Database Migration Service,
NE2EYVJ4K8PBCVYD,JRTCKXETXF,NE2EYVJ4K8PBCVYD.JRTCKXETXF.6YS6EN2CT7,OnDemand,$0.146 per On Demand DMS t2.medium Multi-AZ Instance Hour,2025-03-01,0,Inf,Hrs,0.1460000000,USD,,Replication Server,AWSDatabaseMigrationSvc,US East (N. Virginia),AWS Region,t2.medium,Yes,General purpose,2,Intel Xeon Family,Up to 3.3 GHz,4 GiB,50 GB,Low to Moderate,32-bit or 64-bit,,,,,Multi-AZUsg:dms.t2.medium,CreateDMSInstance,Multiple,,N/A,No,Intel AVX; Intel Turbo,us-east-1,AWS Database Migration Service,
NGHFMXSFRMDZCHAW,JRTCKXETXF,NGHFMXSFRMDZCHAW.JRTCKXETXF.6YS6EN2CT7,OnDemand,$0.115 per GB-month of provisioned GP2 storage,2025-03-01,0,Inf,GB-Mo,0.1150000000,USD,,Replication Storage,AWSDatabaseMigrationSvc,US East (N. Virginia),AWS Region,,,,,,,,,,,SSD,General Purpose,50 GB,6 TB,DMS:GP2-Storage,CreateDMSInstance,Single,,,,,us-east-1,AWS Database Migration Service,
NVZ6BFQDSP2JVW3Q,JRTCKXETXF,NVZ6BFQDSP2JVW3Q.JRTCKXETXF.6YS6EN2CT7,OnDemand,$3.808 per On Demand DMS c6i.16xlarge Instance Hour,2025-03-01,0,Inf,Hrs,3.8080000000,USD,,Replication Server,AWSDatabaseMigrationSvc,US East (N. Virginia),AWS Region,c6i.16xlarge,Yes,Compute optimized,32,Intel Xeon Platinum,Up to 3.0 GHz,32 GiB,100 GB,Up to 10 Gigabit,64-bit,,,,,InstanceUsg:dms.c6i.16xlarge,CreateDMSInstance,Single,,Upto 2250 Mbps,Yes,Intel AVX,Intel AVX2,Intel AVX512,Intel Turbo,us-east-1,AWS Database Migration Service,
PTV7SVFR5MHDNRVB,JRTCKXETXF,PTV7SVFR5MHDNRVB.JRTCKXETXF.6YS6EN2CT7,OnDemand,$5.41296 per On Demand DMS r5.12xlarge Instance Hour,2025-03-01,0,Inf,Hrs,5.4129600000,USD,,Replication Server,AWSDatabaseMigrationSvc,US East (N. Virginia),AWS Region,r5.12xlarge,Yes,Memory optimized,48,Intel Xeon Platinum 8000,Up to 3.1 GHz,384 GiB,EBS Only,10 Gigabit,64-bit,,,,,InstanceUsg:dms.r5.12xlarge,CreateDMSInstance,Single,,N/A,Yes,N/A,us-east-1,AWS Database Migration Service,
Q6HQ4T7GC66C2P7D,JRTCKXETXF,Q6HQ4T7GC66C2P7D.JRTCKXETXF.6YS6EN2CT7,OnDemand,$0.154 per On Demand DMS c4.large Instance Hour,2025-03-01,0,Inf,Hrs,0.1540000000,USD,,Replication Server,AWSDatabaseMigrationSvc,US East (N. Virginia),AWS Region,c4.large,Yes,General purpose,2,Intel Xeon E5-2666 v3 (Haswell),2.9 GHz,3.75 GiB,100 GB,Moderate,64-bit,,,,,InstanceUsg:dms.c4.large,CreateDMSInstance,Single,,500 Mbps,Yes,Intel AVX; Intel AVX2; Intel Turbo,us-east-1,AWS Database Migration Service,
Q75CQTW9K4R36HTE,JRTCKXETXF,Q75CQTW9K4R36HTE.JRTCKXETXF.6YS6EN2CT7,OnDemand,$3.60864 per On Demand DMS r6i.8xlarge Instance Hour,2025-03-01,0,Inf,Hrs,3.6086400000,USD,,Replication Server,AWSDatabaseMigrationSvc,US East (N. Virginia),AWS Region,r6i.8xlarge,Yes,Memory optimized,32,Intel Xeon Platinum 8000,Up to 3.1 GHz,128 GiB,EBS Only,10 Gigabit,64-bit,,,,,InstanceUsg:dms.r6i.8xlarge,CreateDMSInstance,Single,,N/A,Yes,N/A,us-east-1,AWS Database Migration Service,
QFPQ2XEK363FKAJC,JRTCKXETXF,QFPQ2XEK363FKAJC.JRTCKXETXF.6YS6EN2CT7,OnDemand,$0.1489 per On Demand DMS t3.large Instance Hour,2025-03-01,0,Inf,Hrs,0.1489000000,USD,,Replication Server,AWSDatabaseMigrationSvc,US East (N. Virginia),AWS Region,t3.large,Yes,General purpose,2,Intel Xeon Family,2.5 GHz,8 GiB,EBS Only,Low to Moderate,64-bit,,,,,InstanceUsg:dms.t3.large,CreateDMSInstance,Single,,N/A,No,N/A,us-east-1,AWS Database Migration Service,
QSMJDQHE6VH6R3JG,JRTCKXETXF,QSMJDQHE6VH6R3JG.JRTCKXETXF.6YS6EN2CT7,OnDemand,$0.616 per On Demand DMS c4.xlarge Multi-AZ Instance Hour,2025-03-01,0,Inf,Hrs,0.6160000000,USD,,Replication Server,AWSDatabaseMigrationSvc,US East (N. Virginia),AWS Region,c4.xlarge,Yes,General purpose,4,Intel Xeon E5-2666 v3 (Haswell),2.9 GHz,7.5 GiB,100 GB,High,64-bit,,,,,Multi-AZUsg:dms.c4.xlarge,CreateDMSInstance,Multiple,,750 Mbps,Yes,Intel AVX; Intel AVX2; Intel Turbo,us-east-1,AWS Database Migration Service,
QUYD73CQ9T8WC86U,JRTCKXETXF,QUYD73CQ9T8WC86U.JRTCKXETXF.6YS6EN2CT7,OnDemand,$5.4774 per On Demand DMS c5.9xlarge Multi-AZ Instance Hour,2025-03-01,0,Inf,Hrs,5.4774000000,USD,,Replication Server,AWSDatabaseMigrationSvc,US East (N. Virginia),AWS Region,c5.9xlarge,Yes,Compute optimized,32,Intel Xeon Platinum,Up to 3.0 GHz,4 GiB,100 GB,Up to 10 Gigabit,64-bit,,,,,Multi-AZUsg:dms.c5.9xlarge,CreateDMSInstance,Multiple,,Upto 2250 Mbps,Yes,Intel AVX,Intel AVX2,Intel AVX512,Intel Turbo,us-east-1,AWS Database Migration Service,
QZDK2QRKE35N8XJ6,JRTCKXETXF,QZDK2QRKE35N8XJ6.JRTCKXETXF.6YS6EN2CT7,OnDemand,$0.476 per On Demand DMS c5.2xlarge Instance Hour,2025-03-01,0,Inf,Hrs,0.4760000000,USD,,Replication Server,AWSDatabaseMigrationSvc,US East (N. Virginia),AWS Region,c5.2xlarge,Yes,Compute optimized,8,Intel Xeon Platinum,3.0 Ghz,16 GiB,EBS Only,Up to 10 Gigabit,64-bit,,,,,InstanceUsg:dms.c5.2xlarge,CreateDMSInstance,Single,,Upto 2250 Mbps,Yes,Intel AVX,Intel AVX2,Intel AVX512,Intel Turbo,us-east-1,AWS Database Migration Service,
R7AKX5UP7W8S7UQY,JRTCKXETXF,R7AKX5UP7W8S7UQY.JRTCKXETXF.6YS6EN2CT7,OnDemand,$0.3277 per DMS Serverless 4 DCU capacity DCU hours,2025-03-01,0,Inf,DCU-Hr,0.3277377590,USD,,Replication Server,AWSDatabaseMigrationSvc,US East (N. Virginia),AWS Region,,,,,,,,,,,,,,,USE1-DMSServerlessRepCapacityUsg:4,CreateDMSInstance,Single,4,,,,us-east-1,AWS Database Migration Service,Serverless
R844MXX9ZUSHP9RT,JRTCKXETXF,R844MXX9ZUSHP9RT.JRTCKXETXF.6YS6EN2CT7,OnDemand,$1.65 per On Demand DMS r4.4xlarge Instance Hour,2025-03-01,0,Inf,Hrs,1.6500000000,USD,,Replication Server,AWSDatabaseMigrationSvc,US East (N. Virginia),AWS Region,r4.4xlarge,Yes,Memory optimized,16,Intel Xeon E5-2686 v4 (Broadwell),2.3 GHz,122 GiB,EBS Only,Up to 10 Gigabit,64-bit,,,,,InstanceUsg:dms.r4.4xlarge,CreateDMSInstance,Single,,3000 Mbps,Yes,Intel AVX,Intel AVX2,Intel Turbo,us-east-1,AWS Database Migration Service,
R8CDAWH9Y8YWSZTH,JRTCKXETXF,R8CDAWH9Y8YWSZTH.JRTCKXETXF.6YS6EN2CT7,OnDemand,$14.43456 per On Demand DMS r5.16xlarge Multi-AZ Instance Hour,2025-03-01,0,Inf,Hrs,14.4345600000,USD,,Replication Server,AWSDatabaseMigrationSvc,US East (N. Virginia),AWS Region,r5.16xlarge,Yes,Memory optimized,64,Intel Xeon Platinum 8000,Up to 3.1 GHz,128 GiB,EBS Only,10 Gigabit,64-bit,,,,,Multi-AZUsg:dms.r5.16xlarge,CreateDMSInstance,Multiple,,N/A,Yes,N/A,us-east-1,AWS Database Migration Service,
R94XV63N29P3GVEF,JRTCKXETXF,R94XV63N29P3GVEF.JRTCKXETXF.6YS6EN2CT7,OnDemand,$5.41296 per On Demand DMS r6i.12xlarge Instance Hour,2025-03-01,0,Inf,Hrs,5.4129600000,USD,,Replication Server,AWSDatabaseMigrationSvc,US East (N. Virginia),AWS Region,r6i.12xlarge,Yes,Memory optimized,48,Intel Xeon Platinum 8000,Up to 3.1 GHz,384 GiB,EBS Only,10 Gigabit,64-bit,,,,,InstanceUsg:dms.r6i.12xlarge,CreateDMSInstance,Single,,N/A,Yes,N/A,us-east-1,AWS Database Migration Service,
R9MT4M9Y9VM766WT,JRTCKXETXF,R9MT4M9Y9VM766WT.JRTCKXETXF.6YS6EN2CT7,OnDemand,$7.21728 per On Demand DMS r5.16xlarge Instance Hour,2025-03-01,0,Inf,Hrs,7.2172800000,USD,,Replication Server,AWSDatabaseMigrationSvc,US East (N. Virginia),AWS Region,r5.16xlarge,Yes,Memory optimized,64,Intel Xeon Platinum 8000,Up to 3.1 GHz,128 GiB,EBS Only,10 Gigabit,64-bit,,,,,InstanceUsg:dms.r5.16xlarge,CreateDMSInstance,Single,,N/A,Yes,N/A,us-east-1,AWS Database Migration Service,
RAG333XRFKK38UKD,JRTCKXETXF,RAG333XRFKK38UKD.JRTCKXETXF.6YS6EN2CT7,OnDemand,$0.2978 per On Demand DMS t3.large Multi-AZ Instance Hour,2025-03-01,0,Inf,Hrs,0.2978000000,USD,,Replication Server,AWSDatabaseMigrationSvc,US East (N. Virginia),AWS Region,t3.large,Yes,General purpose,2,Intel Xeon Family,2.5 GHz,8 GiB,EBS Only,Low to Moderate,64-bit,,,,,Multi-AZUsg:dms.t3.large,CreateDMSInstance,Multiple,,N/A,No,N/A,us-east-1,AWS Database Migration Service,
RF3F3GKJ2927DR3M,JRTCKXETXF,RF3F3GKJ2927DR3M.JRTCKXETXF.6YS6EN2CT7,OnDemand,$1.411 per On Demand DMS r5.4xlarge Instance Hour,2025-03-01,0,Inf,Hrs,1.4110000000,USD,,Replication Server,AWSDatabaseMigrationSvc,US East (N. Virginia),AWS Region,r5.4xlarge,Yes,Memory optimized,16,Intel Xeon Platinum 8000,Up to 3.1 GHz,128 GiB,EBS Only,10 Gigabit,64-bit,,,,,InstanceUsg:dms.r5.4xlarge,CreateDMSInstance,Single,,N/A,Yes,N/A,us-east-1,AWS Database Migration Service,
RJD4W8D3X5VA2FJC,JRTCKXETXF,RJD4W8D3X5VA2FJC.JRTCKXETXF.6YS6EN2CT7,OnDemand,$1.411 per On Demand DMS r6i.4xlarge Instance Hour,2025-03-01,0,Inf,Hrs,1.4110000000,USD,,Replication Server,AWSDatabaseMigrationSvc,US East (N. Virginia),AWS Region,r6i.4xlarge,Yes,Memory optimized,16,Intel Xeon Platinum 8000,Up to 3.1 GHz,128 GiB,EBS Only,10 Gigabit,64-bit,,,,,InstanceUsg:dms.r6i.4xlarge,CreateDMSInstance,Single,,N/A,Yes,N/A,us-east-1,AWS Database Migration Service,
S7CVPN4BGD66ZHF7,JRTCKXETXF,S7CVPN4BGD66ZHF7.JRTCKXETXF.6YS6EN2CT7,OnDemand,$0.353 per On Demand DMS r5.large Multi-AZ Instance Hour,2025-03-01,0,Inf,Hrs,0.3530000000,USD,,Replication Server,AWSDatabaseMigrationSvc,US East (N. Virginia),AWS Region,r5.large,Yes,Memory optimized,2,Intel Xeon Platinum 8000,Up to 3.1 GHz,16 GiB,EBS Only,10 Gigabit,64-bit,,,,,Multi-AZUsg:dms.r5.large,CreateDMSInstance,Multiple,,N/A,Yes,N/A,us-east-1,AWS Database Migration Service,
SD9UQUNABF8UXMNZ,JRTCKXETXF,SD9UQUNABF8UXMNZ.JRTCKXETXF.6YS6EN2CT7,OnDemand,$2.6219 per DMS Serverless 16 DCU capacity Multi-AZ DCU hours,2025-03-01,0,Inf,DCU-Hr,2.6219020760,USD,,Replication Server,AWSDatabaseMigrationSvc,US East (N. Virginia),AWS Region,,,,,,,,,,,,,,,USE1-DMSServerlessRepMultiAZCapacityUsg:16,CreateDMSInstance,Multiple,16,,,,us-east-1,AWS Database Migration Service,Serverless
SKW77ANNPZC78R87,JRTCKXETXF,SKW77ANNPZC78R87.JRTCKXETXF.6YS6EN2CT7,OnDemand,$5.4774 per On Demand DMS c5.18xlarge Instance Hour,2025-03-01,0,Inf,Hrs,5.4774000000,USD,,Replication Server,AWSDatabaseMigrationSvc,US East (N. Virginia),AWS Region,c5.18xlarge,Yes,Compute optimized,32,Intel Xeon Platinum,Up to 3.0 GHz,32 GiB,100 GB,Up to 10 Gigabit,64-bit,,,,,InstanceUsg:dms.c5.18xlarge,CreateDMSInstance,Single,,Upto 2250 Mbps,Yes,Intel AVX,Intel AVX2,Intel AVX512,Intel Turbo,us-east-1,AWS Database Migration Service,
SNUF3NEQFQEVVJCB,JRTCKXETXF,SNUF3NEQFQEVVJCB.JRTCKXETXF.6YS6EN2CT7,OnDemand,$0.41 per On Demand DMS r4.large Multi-AZ Instance Hour,2025-03-01,0,Inf,Hrs,0.4100000000,USD,,Replication Server,AWSDatabaseMigrationSvc,US East (N. Virginia),AWS Region,r4.large,Yes,Memory optimized,2,Intel Xeon E5-2686 v4 (Broadwell),2.3 GHz,15.25 GiB,EBS Only,Up to 10 Gigabit,64-bit,,,,,Multi-AZUsg:dms.r4.large,CreateDMSInstance,Multiple,,400 Mbps,Yes,Intel AVX,Intel AVX2,Intel Turbo,us-east-1,AWS Database Migration Service,
SSF26TYREXFAGWWP,JRTCKXETXF,SSF26TYREXFAGWWP.JRTCKXETXF.6YS6EN2CT7,OnDemand,$7.3032 per On Demand DMS c5.24xlarge Instance Hour,2025-03-01,0,Inf,Hrs,7.3032000000,USD,,Replication Server,AWSDatabaseMigrationSvc,US East (N. Virginia),AWS Region,c5.24xlarge,Yes,Compute optimized,32,Intel Xeon Platinum,Up to 3.0 GHz,32 GiB,100 GB,Up to 10 Gigabit,64-bit,,,,,InstanceUsg:dms.c5.24xlarge,CreateDMSInstance,Single,,Upto 2250 Mbps,Yes,Intel AVX,Intel AVX2,Intel AVX512,Intel Turbo,us-east-1,AWS Database Migration Service,
STGZKUQ8YWKYC894,JRTCKXETXF,STGZKUQ8YWKYC894.JRTCKXETXF.6YS6EN2CT7,OnDemand,$3.808 per On Demand DMS c6i.8xlarge Multi-AZ Instance Hour,2025-03-01,0,Inf,Hrs,3.8080000000,USD,,Replication Server,AWSDatabaseMigrationSvc,US East (N. Virginia),AWS Region,c6i.8xlarge,Yes,Compute optimized,32,Intel Xeon Platinum,Up to 3.0 GHz,64 GiB,100 GB,Up to 10 Gigabit,64-bit,,,,,Multi-AZUsg:dms.c6i.8xlarge,CreateDMSInstance,Multiple,,12000 Mbps,Yes,Intel AVX,Intel AVX2,Intel AVX512,Intel Turbo,us-east-1,AWS Database Migration Service,
STTVDGB2K7U3UQXJ,JRTCKXETXF,STTVDGB2K7U3UQXJ.JRTCKXETXF.6YS6EN2CT7,OnDemand,$0.292 per On Demand DMS t2.large Multi-AZ Instance Hour,2025-03-01,0,Inf,Hrs,0.2920000000,USD,,Replication Server,AWSDatabaseMigrationSvc,US East (N. Virginia),AWS Region,t2.large,Yes,General purpose,2,Intel Xeon Family,Up to 3.0 GHz,8 GiB,50 GB,Low to Moderate,64-bit,,,,,Multi-AZUsg:dms.t2.large,CreateDMSInstance,Multiple,,N/A,No,Intel AVX; Intel Turbo,us-east-1,AWS Database Migration Service,
SW9794E74JP554VU,JRTCKXETXF,SW9794E74JP554VU.JRTCKXETXF.6YS6EN2CT7,OnDemand,$0.952 per On Demand DMS c6i.2xlarge Multi-AZ Instance Hour,2025-03-01,0,Inf,Hrs,0.9520000000,USD,,Replication Server,AWSDatabaseMigrationSvc,US East (N. Virginia),AWS Region,c6i.2xlarge,Yes,Compute optimized,8,Intel Xeon Platinum,3.0 Ghz,16 GiB,EBS Only,Up to 10 Gigabit,64-bit,,,,,Multi-AZUsg:dms.c6i.2xlarge,CreateDMSInstance,Multiple,,Upto 2250 Mbps,Yes,Intel AVX,Intel AVX2,Intel AVX512,Intel Turbo,us-east-1,AWS Database Migration Service,
T9MT8KC6GREXF7AT,JRTCKXETXF,T9MT8KC6GREXF7AT.JRTCKXETXF.6YS6EN2CT7,OnDemand,$0.176 per On Demand DMS r5.large Instance Hour,2025-03-01,0,Inf,Hrs,0.1760000000,USD,,Replication Server,AWSDatabaseMigrationSvc,US East (N. Virginia),AWS Region,r5.large,Yes,Memory optimized,2,Intel Xeon Platinum 8000,Up to 3.1 GHz,16 GiB,EBS Only,10 Gigabit,64-bit,,,,,InstanceUsg:dms.r5.large,CreateDMSInstance,Single,,N/A,Yes,N/A,us-east-1,AWS Database Migration Service,
TA48A4F7PMEE25E5,JRTCKXETXF,TA48A4F7PMEE25E5.JRTCKXETXF.6YS6EN2CT7,OnDemand,$0.0744 per On Demand DMS t3.small Multi-AZ Instance Hour,2025-03-01,0,Inf,Hrs,0.0744000000,USD,,Replication Server,AWSDatabaseMigrationSvc,US East (N. Virginia),AWS Region,t3.small,Yes,General purpose,2,Intel Xeon Family,2.5 GHz,2 GiB,EBS Only,Low to Moderate,64-bit,,,,,Multi-AZUsg:dms.t3.small,CreateDMSInstance,Multiple,,N/A,No,N/A,us-east-1,AWS Database Migration Service,
TKUWSZ469D8DU6XV,JRTCKXETXF,TKUWSZ469D8DU6XV.JRTCKXETXF.6YS6EN2CT7,OnDemand,$0.119 per On Demand DMS c6i.large Instance Hour,2025-03-01,0,Inf,Hrs,0.1190000000,USD,,Replication Server,AWSDatabaseMigrationSvc,US East (N. Virginia),AWS Region,c6i.large,Yes,Compute optimized,2,Intel Xeon Platinum,3.0 Ghz,4 GiB,EBS Only,Up to 10 Gigabit,64-bit,,,,,InstanceUsg:dms.c6i.large,CreateDMSInstance,Single,,Upto 2250 Mbps,Yes,Intel AVX,Intel AVX2,Intel AVX512,Intel Turbo,us-east-1,AWS Database Migration Service,
TR6DAWNU7SGAUVHZ,JRTCKXETXF,TR6DAWNU7SGAUVHZ.JRTCKXETXF.6YS6EN2CT7,OnDemand,$0.952 per On Demand DMS c5.2xlarge Multi-AZ Instance Hour,2025-03-01,0,Inf,Hrs,0.9520000000,USD,,Replication Server,AWSDatabaseMigrationSvc,US East (N. Virginia),AWS Region,c5.2xlarge,Yes,Compute optimized,8,Intel Xeon Platinum,3.0 Ghz,16 GiB,EBS Only,Up to 10 Gigabit,64-bit,,,,,Multi-AZUsg:dms.c5.2xlarge,CreateDMSInstance,Multiple,,Upto 2250 Mbps,Yes,Intel AVX,Intel AVX2,Intel AVX512,Intel Turbo,us-east-1,AWS Database Migration Service,
TVZD7JPQV55UKJB2,JRTCKXETXF,TVZD7JPQV55UKJB2.JRTCKXETXF.6YS6EN2CT7,OnDemand,$28.86912 per On Demand DMS r6i.32xlarge Multi-AZ Instance Hour,2025-03-01,0,Inf,Hrs,28.8691200000,USD,,Replication Server,AWSDatabaseMigrationSvc,US East (N. Virginia),AWS Region,r6i.32xlarge,Yes,Memory optimized,128,Intel Xeon Platinum 8000,Up to 3.1 GHz,1024 GiB,EBS Only,50 Gbps,64-bit,,,,,Multi-AZUsg:dms.r6i.32xlarge,CreateDMSInstance,Multiple,,40 Gbps,Yes,N/A,us-east-1,AWS Database Migration Service,
U2M9656SEAPXDUYK,JRTCKXETXF,U2M9656SEAPXDUYK.JRTCKXETXF.6YS6EN2CT7,OnDemand,$10.82592 per On Demand DMS r5.12xlarge Multi-AZ Instance Hour,2025-03-01,0,Inf,Hrs,10.8259200000,USD,,Replication Server,AWSDatabaseMigrationSvc,US East (N. Virginia),AWS Region,r5.12xlarge,Yes,Memory optimized,48,Intel Xeon Platinum 8000,Up to 3.1 GHz,384 GiB,EBS Only,10 Gigabit,64-bit,,,,,Multi-AZUsg:dms.r5.12xlarge,CreateDMSInstance,Multiple,,N/A,Yes,N/A,us-east-1,AWS Database Migration Service,
UCHKTN96YPGQ3DT3,JRTCKXETXF,UCHKTN96YPGQ3DT3.JRTCKXETXF.6YS6EN2CT7,OnDemand,$0.073 per On Demand DMS t2.medium Instance Hour,2025-03-01,0,Inf,Hrs,0.0730000000,USD,,Replication Server,AWSDatabaseMigrationSvc,US East (N. Virginia),AWS Region,t2.medium,Yes,General purpose,2,Intel Xeon Family,Up to 3.3 GHz,4 GiB,50 GB,Low to Moderate,32-bit or 64-bit,,,,,InstanceUsg:dms.t2.medium,CreateDMSInstance,Single,,N/A,No,Intel AVX; Intel Turbo,us-east-1,AWS Database Migration Service,
UN3JTV7X2KSV7D6C,JRTCKXETXF,UN3JTV7X2KSV7D6C.JRTCKXETXF.6YS6EN2CT7,OnDemand,$1.311 per DMS Serverless 16 DCU capacity DCU hours,2025-03-01,0,Inf,DCU-Hr,1.3109510380,USD,,Replication Server,AWSDatabaseMigrationSvc,US East (N. Virginia),AWS Region,,,,,,,,,,,,,,,USE1-DMSServerlessRepCapacityUsg:16,CreateDMSInstance,Single,16,,,,us-east-1,AWS Database Migration Service,Serverless
V574PCSZBT2H7B39,JRTCKXETXF,V574PCSZBT2H7B39.JRTCKXETXF.6YS6EN2CT7,OnDemand,$0.146 per On Demand DMS t2.large Instance Hour,2025-03-01,0,Inf,Hrs,0.1460000000,USD,,Replication Server,AWSDatabaseMigrationSvc,US East (N. Virginia),AWS Region,t2.large,Yes,General purpose,2,Intel Xeon Family,Up to 3.0 GHz,8 GiB,50 GB,Low to Moderate,64-bit,,,,,InstanceUsg:dms.t2.large,CreateDMSInstance,Single,,N/A,No,Intel AVX; Intel Turbo,us-east-1,AWS Database Migration Service,
VP92P5X6S768GWYR,JRTCKXETXF,VP92P5X6S768GWYR.JRTCKXETXF.6YS6EN2CT7,OnDemand,$20.9752 per DMS Serverless 256 DCU capacity DCU hours,2025-03-01,0,Inf,DCU-Hr,20.9752166100,USD,,Replication Server,AWSDatabaseMigrationSvc,US East (N. Virginia),AWS Region,,,,,,,,,,,,,,,USE1-DMSServerlessRepCapacityUsg:256,CreateDMSInstance,Single,256,,,,us-east-1,AWS Database Migration Service,Serverless
WNWC54TYXU97TDF6,A429C66SYZ,WNWC54TYXU97TDF6.A429C66SYZ.TKQXKGP374,OnDemand,Global,2025-03-01,0,750,Hrs,0.0000000000,USD,,Replication Server,AWSDatabaseMigrationSvc,Any,AWS Region,t3.micro,,,,,,,,,,,,,,Global-InstanceUsg:dms.t3.micro,CreateDMSInstance,Multiple,,,,,,AWS Database Migration Service,
Y4T2SBDK3WEGUG3M,JRTCKXETXF,Y4T2SBDK3WEGUG3M.JRTCKXETXF.6YS6EN2CT7,OnDemand,$2.822 per On Demand DMS r6i.4xlarge Multi-AZ Instance Hour,2025-03-01,0,Inf,Hrs,2.8220000000,USD,,Replication Server,AWSDatabaseMigrationSvc,US East (N. Virginia),AWS Region,r6i.4xlarge,Yes,Memory optimized,16,Intel Xeon Platinum 8000,Up to 3.1 GHz,128 GiB,EBS Only,10 Gigabit,64-bit,,,,,Multi-AZUsg:dms.r6i.4xlarge,CreateDMSInstance,Multiple,,N/A,Yes,N/A,us-east-1,AWS Database Migration Service,
YNHYWBWZNY33RQFW,JRTCKXETXF,YNHYWBWZNY33RQFW.JRTCKXETXF.6YS6EN2CT7,OnDemand,$1.411 per On Demand DMS r6i.2xlarge Multi-AZ Instance Hour,2025-03-01,0,Inf,Hrs,1.4110000000,USD,,Replication Server,AWSDatabaseMigrationSvc,US East (N. Virginia),AWS Region,r6i.2xlarge,Yes,Memory optimized,8,Intel Xeon Platinum 8000,Up to 3.1 GHz,64 GiB,EBS Only,10 Gigabit,64-bit,,,,,Multi-AZUsg:dms.r6i.2xlarge,CreateDMSInstance,Multiple,,N/A,Yes,N/A,us-east-1,AWS Database Migration Service,
YT2RVXASEPN6U4XV,JRTCKXETXF,YT2RVXASEPN6U4XV.JRTCKXETXF.6YS6EN2CT7,OnDemand,$6.60 per On Demand DMS r4.8xlarge Multi-AZ Instance Hour,2025-03-01,0,Inf,Hrs,6.6000000000,USD,,Replication Server,AWSDatabaseMigrationSvc,US East (N. Virginia),AWS Region,r4.8xlarge,Yes,Memory optimized,32,Intel Xeon E5-2686 v4 (Broadwell),2.3 GHz,244 GiB,EBS Only,10 Gigabit,64-bit,,,,,Multi-AZUsg:dms.r4.8xlarge,CreateDMSInstance,Multiple,,6000 Mbps,Yes,Intel AVX,Intel AVX2,Intel Turbo,us-east-1,AWS Database Migration Service,
YUPNRHZ6ZMQPW7U7,JRTCKXETXF,YUPNRHZ6ZMQPW7U7.JRTCKXETXF.6YS6EN2CT7,OnDemand,$0.119 per On Demand DMS c5.large Instance Hour,2025-03-01,0,Inf,Hrs,0.1190000000,USD,,Replication Server,AWSDatabaseMigrationSvc,US East (N. Virginia),AWS Region,c5.large,Yes,Compute optimized,2,Intel Xeon Platinum,3.0 Ghz,4 GiB,EBS Only,Up to 10 Gigabit,64-bit,,,,,InstanceUsg:dms.c5.large,CreateDMSInstance,Single,,Upto 2250 Mbps,Yes,Intel AVX,Intel AVX2,Intel AVX512,Intel Turbo,us-east-1,AWS Database Migration Service,
YVG5KF9T8YERXRAP,JRTCKXETXF,YVG5KF9T8YERXRAP.JRTCKXETXF.6YS6EN2CT7,OnDemand,$0.6555 per DMS Serverless 8 DCU capacity DCU hours,2025-03-01,0,Inf,DCU-Hr,0.6554755190,USD,,Replication Server,AWSDatabaseMigrationSvc,US East (N. Virginia),AWS Region,,,,,,,,,,,,,,,USE1-DMSServerlessRepCapacityUsg:8,CreateDMSInstance,Single,8,,,,us-east-1,AWS Database Migration Service,Serverless
Z4H748VQF22HHCAT,JRTCKXETXF,Z4H748VQF22HHCAT.JRTCKXETXF.6YS6EN2CT7,OnDemand,$1.311 per DMS Serverless 8 DCU capacity Multi-AZ DCU hours,2025-03-01,0,Inf,DCU-Hr,1.3109510380,USD,,Replication Server,AWSDatabaseMigrationSvc,US East (N. Virginia),AWS Region,,,,,,,,,,,,,,,USE1-DMSServerlessRepMultiAZCapacityUsg:8,CreateDMSInstance,Multiple,8,,,,us-east-1,AWS Database Migration Service,Serverless
ZRC9H6ERETFTX58T,JRTCKXETXF,ZRC9H6ERETFTX58T.JRTCKXETXF.6YS6EN2CT7,OnDemand,$3.30 per On Demand DMS r4.4xlarge Multi-AZ Instance Hour,2025-03-01,0,Inf,Hrs,3.3000000000,USD,,Replication Server,AWSDatabaseMigrationSvc,US East (N. Virginia),AWS Region,r4.4xlarge,Yes,Memory optimized,16,Intel Xeon E5-2686 v4 (Broadwell),2.3 GHz,122 GiB,EBS Only,Up to 10 Gigabit,64-bit,,,,,Multi-AZUsg:dms.r4.4xlarge,CreateDMSInstance,Multiple,,3000 Mbps,Yes,Intel AVX,Intel AVX2,Intel Turbo,us-east-1,AWS Database Migration Service,
ZZB3X48M2FRD9C2K,JRTCKXETXF,ZZB3X48M2FRD9C2K.JRTCKXETXF.6YS6EN2CT7,OnDemand,$20.9752 per DMS Serverless 128 DCU capacity Multi-AZ DCU hours,2025-03-01,0,Inf,DCU-Hr,20.9752166100,USD,,Replication Server,AWSDatabaseMigrationSvc,US East (N. Virginia),AWS Region,,,,,,,,,,,,,,,USE1-DMSServerlessRepMultiAZCapacityUsg:128,CreateDMSInstance,Multiple,128,,,,us-east-1,AWS Database Migration Service,Serverless
